observation_id,signal_id,observed_at,views,likes,comments,shares,saves,search_rank,trend_rank,velocity_1h,velocity_6h,sentiment_th,comment_themes_th,raw_snapshot_json,observer_agent
example-observation-001,example-celebrity-late-night-tired-eyes,2026-06-04T00:00:00+07:00,,,,,,,,,,neutral,ตัวอย่าง comment theme เรื่องนอนน้อย/ใต้ตา,{},social_radar_example
obs-heavy-rain-commute-20260604,news-heavy-rain-commute-20260601,2026-06-04T15:42:14+07:00,,,,,,,,,,cautious,headline theme เรื่องฝนหนักและเตรียมกันเปียกระหว่างเดินทาง,"{""source_url"":""https://thethaiger.com/news/national/thailand-weather-forecast-june-1-heavy-rain-nationwide"",""published"":""2026-06-01"",""headline"":""Southwest monsoon drives flash flood risk across Thailand"",""key_fact"":""weather warning echoed by Thai news"",""use_case"":""commute protection"",""observer_agent"":""viral_scout_web""}",viral_scout_web
obs-dit-back-to-school-20260604,dit-back-to-school-cost-control-20260511,2026-06-04T15:42:14+07:00,7,,,,,,,,,neutral,price-control and back-to-school timing,"{""source_url"":""https://www.dit.go.th/th/news/activity-pictures/2569/dit-%E0%B8%A5%E0%B8%87%E0%B8%9E-%E0%B8%99%E0%B8%97-%E0%B8%95%E0%B8%A3%E0%B8%A7%E0%B8%88%E0%B8%A3-%E0%B8%B2%E0%B8%99%E0%B8%8A-%E0%B8%94%E0%B8%99-%E0%B8%81%E0%B9%80%E0%B8%A3-%E0%B8%A2%E0%B8%99-%E0%B8%81-%E0%B8%AD%E0%B8%99%E0%B9%80%E0%B8%9B-%E0%B8%94%E0%B9%80%E0%B8%97%E0%B8%AD%E0%B8%A1-%E0%B8%A2-%E0%B8%B3%E0%B8%95%E0%B8%A3-%E0%B8%87%E0%B8%A3%E0%B8%B2%E0%B8%84%E0%B8%B2-%E0%B8%9B-%E0%B8%94%E0%B8%9B-%E0%B8%B2%E0%B8%A2%E0%B8%8A-%E0%B8%94-%E0%B8%8A%E0%B8%A7%E0%B8%99%E0%B8%9C-%E0%B8%9B%E0%B8%81%E0%B8%84%E0%B8%A3%E0%B8%AD%E0%B8%87%E0%B9%83%E0%B8%8A-%E0%B9%82%E0%B8%9B%E0%B8%A3-back-to-school-2026/"",""published"":""2026-05-11"",""headline"":""DIT checks school uniform prices before term start"",""key_fact"":""Back To School 2026 and price display enforcement"",""observer_agent"":""viral_scout_web""}",viral_scout_web
obs-tmd-heavy-rain-20260604,tmd-heavy-rain-commute-20260604,2026-06-04T16:12:41+07:00,,,,,,,,,,cautious,official forecast mentions Bangkok thunderstorms and heavier rain in upper Thailand,"{""source_url"":""https://tmd.go.th/weather/weatherthailand"",""published"":""2026-06-04"",""headline"":""กรมอุตุนิยมวิทยา | พยากรณ์อากาศทั่วประเทศ"",""key_fact"":""Bangkok and surrounding areas have 60% thunderstorms and some heavy rain"",""use_case"":""commute protection"",""observer_agent"":""viral_scout_web""}",viral_scout_web
obs-shopee-rain-cover-20260604,shopee-rain-cover-impulse-20260604,2026-06-04T16:12:41+07:00,,,,,,,,,,neutral,low-price rain cover listing for backpacks and school bags,"{""source_url"":""https://shopee.co.th/%E0%B8%96%E0%B8%B8%E0%B8%87%E0%B8%84%E0%B8%A5%E0%B8%B8%E0%B8%A1%E0%B8%81%E0%B8%A3%E0%B8%B0%E0%B9%80%E0%B8%9B%E0%B9%8B%E0%B8%B2%E0%B9%80%E0%B8%9B%E0%B9%89-%E0%B8%81%E0%B8%A3%E0%B8%B0%E0%B9%80%E0%B8%9B%E0%B9%8B%E0%B8%B2%E0%B8%99%E0%B8%B1%E0%B8%81%E0%B9%80%E0%B8%A3%E0%B8%B5%E0%B8%A2%E0%B8%99-%E0%B8%81%E0%B8%B1%E0%B8%99%E0%B8%9D%E0%B8%99-%E0%B8%96%E0%B8%B8%E0%B8%87%E0%B8%84%E0%B8%A5%E0%B8%B8%E0%B8%A1%E0%B9%80%E0%B8%9B%E0%B9%89-%E0%B9%80%E0%B8%94%E0%B8%B4%E0%B8%99%E0%B8%9B%E0%B9%88%E0%B8%B2-%E0%B9%81%E0%B8%9A%E0%B8%9A%E0%B8%AB%E0%B8%99%E0%B8%B2-Rain-cover-Rainproof-Backpack-Cover-i.967451259.21389136477"",""published"":""2026-06-04"",""headline"":""ถุงคลุมกระเป๋าเป้/กระเป๋านักเรียน กันฝน ถุงคลุมเป้ เดินป่า แบบหนา Rain cover Rainproof Backpack Cover"",""key_fact"":""listing price is 29 baht and fits commute/school use"",""use_case"":""commute and school protection"",""observer_agent"":""viral_scout_web""}",viral_scout_web
obs-thaipbs-pride-bangkok-20260604,thaipbs-pride-bangkok-20260604,2026-06-04T16:12:41+07:00,,,,,,,,,,positive,Thai PBS Pride hub keeps Bangkok Pride 2026 visible today,"{""source_url"":""https://www.thaipbs.or.th/PrideMonth2026"",""published"":""2026-06-04"",""headline"":""Pride Month 2026 ก้าวสำคัญของชาว LGBTQIAN+ หลังสมรสเท่าเทียมมีผลแล้ว"",""key_fact"":""Thai PBS highlights Bangkok Pride 2026 within the Pride Month hub"",""use_case"":""event comfort"",""observer_agent"":""viral_scout_web""}",viral_scout_web
obs-prd-pride-month-20260604,prd-pride-month-festivals-20260602,2026-06-04T15:42:14+07:00,,,,,,,,,,positive,official Pride month festival calendar across Thailand,"{""source_url"":""https://thailand.prd.go.th/en/content/category/detail/id/2078/iid/508710"",""published"":""2026-06-02"",""headline"":""Pride Month Festivals 2026 in Thailand"",""key_fact"":""multiple June Pride events across Thailand"",""use_case"":""event comfort"",""observer_agent"":""viral_scout_web""}",viral_scout_web
obs-theactive-heavy-rain-20260604,theactive-heavy-rain-20260603,2026-06-04T16:41:24+07:00,,,,,,,,,,cautious,headline theme เรื่องฝนหนัก 4-6 มิ.ย. และเตรียมกันเปียกก่อนเดินทาง,"{""source_url"":""https://theactive.thaipbs.or.th/news/climate-change-20260603"",""published"":""2026-06-03"",""headline"":""เตือน 4-6 มิ.ย. รับมือฝนตกหนัก เสี่ยงท่วมฉับพลัน-น้ำป่าหลาก จับตาฝนทะลุ 100 มม."",""key_fact"":""weather warning for 4-6 June with heavy rain risk"",""use_case"":""commute protection"",""observer_agent"":""viral_scout_web""}",viral_scout_web
obs-shopee-rain-cover-budget-20260604,shopee-rain-cover-budget-20260604,2026-06-04T16:41:24+07:00,,,,,,,,,,neutral,budget rain cover floor at 12 baht for backpack/school bag use,"{""source_url"":""https://shopee.co.th/%E0%B8%96%E0%B8%B8%E0%B8%87%E0%B8%84%E0%B8%A5%E0%B8%B8%E0%B8%A1%E0%B8%81%E0%B8%A3%E0%B8%B0%E0%B9%80%E0%B8%9B%E0%B9%8B%E0%B8%B2%E0%B9%80%E0%B8%9B%E0%B9%89-%E0%B8%81%E0%B8%A3%E0%B8%B0%E0%B9%80%E0%B8%9B%E0%B9%8B%E0%B8%B2%E0%B8%99%E0%B8%B1%E0%B8%81%E0%B9%80%E0%B8%A3%E0%B8%B5%E0%B8%A2%E0%B8%99-%E0%B8%81%E0%B8%B1%E0%B8%99%E0%B8%9D%E0%B8%99-%E0%B8%96%E0%B8%B8%E0%B8%87%E0%B8%84%E0%B8%A5%E0%B8%B8%E0%B8%A1%E0%B9%80%E0%B8%9B%E0%B9%89-%E0%B9%80%E0%B8%94%E0%B8%B4%E0%B8%99%E0%B8%9B%E0%B9%88%E0%B8%B2-Rain-cover-Rainproof-Backpack-Cover-i.967451259.21079985301"",""published"":""2026-06-04"",""headline"":""ถุงคลุมกระเป๋าเป้/กระเป๋านักเรียน กันฝน ถุงคลุมเป้ เดินป่า Rain cover Rainproof Backpack Cover"",""key_fact"":""listing price is 12 baht and fits commute/school use"",""use_case"":""commute and school protection"",""observer_agent"":""viral_scout_web""}",viral_scout_web
obs-tmd-heavy-rain-20260604-r2,tmd-heavy-rain-commute-20260604,2026-06-04T17:11:30+07:00,,,,,,,,,,cautious,repeat check still shows Bangkok thunderstorms and heavier rain in upper Thailand,"{""source_url"":""https://tmd.go.th/weather/weatherthailand"",""published"":""2026-06-04"",""headline"":""กรมอุตุนิยมวิทยา | พยากรณ์อากาศทั่วประเทศ"",""key_fact"":""Bangkok and surrounding areas still carry thunderstorm risk on repeat recheck"",""use_case"":""commute protection"",""observer_agent"":""viral_scout_web""}",viral_scout_web
obs-theactive-heavy-rain-20260604-r2,theactive-heavy-rain-20260603,2026-06-04T17:11:30+07:00,,,,,,,,,,cautious,repeat check keeps the 4-6 June heavy-rain warning live,"{""source_url"":""https://theactive.thaipbs.or.th/news/climate-change-20260603"",""published"":""2026-06-03"",""headline"":""เตือน 4-6 มิ.ย. รับมือฝนตกหนัก เสี่ยงท่วมฉับพลัน-น้ำป่าหลาก จับตาฝนทะลุ 100 มม."",""key_fact"":""weather warning still live on repeat recheck"",""use_case"":""commute protection"",""observer_agent"":""viral_scout_web""}",viral_scout_web
obs-prd-pride-month-20260604-r2,prd-pride-month-festivals-20260602,2026-06-04T17:11:30+07:00,,,,,,,,,,positive,repeat check keeps the official Pride month festival calendar visible,"{""source_url"":""https://thailand.prd.go.th/en/content/category/detail/id/2078/iid/508710"",""published"":""2026-06-02"",""headline"":""Pride Month Festivals 2026 in Thailand"",""key_fact"":""official calendar still shows June Pride events on repeat recheck"",""use_case"":""event comfort"",""observer_agent"":""viral_scout_web""}",viral_scout_web
obs-tmd-heavy-rain-20260604-r3,tmd-heavy-rain-commute-20260604,2026-06-04T17:40:09+07:00,,,,,,,,,,cautious,repeat check still shows Bangkok thunderstorm risk and commute protection remains live,"{""source_url"":""https://www.tmd.go.th/en/weather/weatherthailand"",""published"":""2026-06-04"",""headline"":""กรมอุตุนิยมวิทยา | พยากรณ์อากาศทั่วประเทศ"",""key_fact"":""Bangkok and surrounding areas still carry thunderstorm risk on repeat recheck"",""use_case"":""commute protection"",""observer_agent"":""viral_scout_web""}",viral_scout_web
obs-tmd-southwest-coast-20260604,tmd-southwest-coast-heavy-rain-20260604,2026-06-04T17:40:09+07:00,,,,,,,,,,cautious,official south-west coast warning keeps dry-bag travel prep live,"{""source_url"":""https://www.tmd.go.th/en/warning-and-events/warning-storm/heavy-to-very-heavy-rains-in-thailand-strong-wind-waves-in-the-andaman-sea-no-11-89-2026"",""published"":""2026-06-01"",""headline"":""Heavy to very heavy rains in Thailand, Strong Wind-Waves in the Andaman Sea No. 11 (89/2026)"",""key_fact"":""very heavy rain possible in the South (west coast) region and travel-prep angle stays live"",""use_case"":""dry bag travel prep"",""observer_agent"":""viral_scout_web""}",viral_scout_web
obs-tmd-heavy-rain-20260604-r4,tmd-heavy-rain-commute-20260604,2026-06-04T18:10:32+07:00,,,,,,,,,,cautious,repeat check still shows Bangkok thunderstorm risk and commute protection remains live,"{""source_url"":""https://www.tmd.go.th/en/weather/weatherthailand"",""published"":""2026-06-04"",""headline"":""กรมอุตุนิยมวิทยา | พยากรณ์อากาศทั่วประเทศ"",""key_fact"":""Bangkok and surrounding areas still carry thunderstorm risk on repeat recheck"",""use_case"":""commute protection"",""observer_agent"":""viral_scout_web""}",viral_scout_web
obs-tmd-southwest-coast-20260604-r2,tmd-southwest-coast-heavy-rain-20260604,2026-06-04T18:10:32+07:00,,,,,,,,,,cautious,repeat check keeps south-west coast travel prep live,"{""source_url"":""https://www.tmd.go.th/en/warning-and-events/warning-storm/heavy-to-very-heavy-rains-in-thailand-strong-wind-waves-in-the-andaman-sea-no-11-89-2026"",""published"":""2026-06-01"",""headline"":""Heavy to very heavy rains in Thailand, Strong Wind-Waves in the Andaman Sea No. 11 (89/2026)"",""key_fact"":""south-west coast rain warning remains live on repeat recheck"",""use_case"":""dry bag travel prep"",""observer_agent"":""viral_scout_web""}",viral_scout_web
obs-tmd-heavy-rain-20260604-r5,tmd-heavy-rain-commute-20260604,2026-06-04T18:40:38+07:00,,,,,,,,,,cautious,latest TMD daily forecast keeps Bangkok/upper Thailand commute rain live,"{""source_url"":""https://www.tmd.go.th/weather/weatherthailand"",""published"":""2026-06-04"",""headline"":""กรมอุตุนิยมวิทยา | พยากรณ์อากาศทั่วประเทศ"",""key_fact"":""Thailand upper areas have increased rain with Bangkok and surrounding areas at 60% thunderstorms and some heavy rain; 18:00 bulletin adds heavier rain in west central/east/west south and 7-day outlook stays wet"",""use_case"":""commute protection"",""observer_agent"":""viral_scout_web""}",viral_scout_web
obs-tmd-southwest-coast-20260604-r3,tmd-southwest-coast-heavy-rain-20260604,2026-06-04T18:40:38+07:00,,,,,,,,,,cautious,latest TMD bulletin keeps south-west coast travel prep live,"{""source_url"":""https://www.tmd.go.th/weather/weatherthailand"",""published"":""2026-06-04"",""headline"":""กรมอุตุนิยมวิทยา | พยากรณ์อากาศทั่วประเทศ"",""key_fact"":""18:00 bulletin keeps heavy-rain and strong-wave cautions active for the Andaman side and south-west coast travel window"",""use_case"":""dry bag travel prep"",""observer_agent"":""viral_scout_web""}",viral_scout_web
obs-shopee-rain-cover-budget-20260604-r2,shopee-rain-cover-budget-20260604,2026-06-04T18:40:38+07:00,,,,,,,,,,neutral,repeat check still shows low-price rain cover options for backpack and school use,"{""source_url"":""https://shopee.co.th/list/%E0%B8%96%E0%B8%B8%E0%B8%87%E0%B8%84%E0%B8%A5%E0%B8%B8%E0%B8%A1%E0%B8%81%E0%B8%A3%E0%B8%B0%E0%B9%80%E0%B8%9B%E0%B9%8B%E0%B8%B2"",""published"":""2026-06-04"",""headline"":""ช้อป ถุงคลุมกระเป๋า ราคาสุดคุ้ม ได้ง่าย ๆ | Shopee Thailand"",""key_fact"":""list page still shows the rain cover backpack item at 12 baht and 29 baht with school/commute use"",""use_case"":""commute and school protection"",""observer_agent"":""viral_scout_web""}",viral_scout_web
obs-tmd-heavy-rain-20260604-r6,tmd-heavy-rain-commute-20260604,2026-06-04T19:41:32+07:00,,,,,,,,,,cautious,repeat check keeps Bangkok thunderstorm risk and commute rain protection live,"{""source_url"":""https://www.tmd.go.th/weather/weatherthailand"",""published"":""2026-06-04"",""headline"":""กรมอุตุนิยมวิทยา | พยากรณ์อากาศทั่วประเทศ"",""key_fact"":""latest TMD forecast still keeps Bangkok and surrounding areas in thunderstorm risk on the evening recheck"",""use_case"":""commute protection"",""observer_agent"":""viral_scout_web""}",viral_scout_web
obs-tmd-heavy-rain-20260604-r7,tmd-heavy-rain-commute-20260604,2026-06-04T20:41:28+07:00,,,,,,,,,,cautious,evening repeat check keeps Bangkok thunderstorm risk and commute rain protection live,"{""source_url"":""https://www.tmd.go.th/weather/weatherthailand"",""published"":""2026-06-04"",""headline"":""กรมอุตุนิยมวิทยา | พยากรณ์อากาศทั่วประเทศ"",""key_fact"":""latest TMD forecast still keeps Bangkok and surrounding areas in thunderstorm risk on the evening recheck"",""use_case"":""commute protection"",""observer_agent"":""viral_scout_web""}",viral_scout_web
obs-shopee-phone-waterproof-pouch-category-20260604,shopee-phone-waterproof-pouch-category-20260604,2026-06-04T20:41:28+07:00,,,,,,,,,,neutral,category page still shows low-price phone waterproof pouch options and a sold-20k item,"{""source_url"":""https://shopee.co.th/%E0%B8%81%E0%B8%A3%E0%B8%B0%E0%B9%80%E0%B8%9B%E0%B9%8B%E0%B8%B2%E0%B9%83%E0%B8%AA%E0%B9%88%E0%B9%82%E0%B8%97%E0%B8%A3%E0%B8%A8%E0%B8%B1%E0%B8%9E%E0%B8%97%E0%B9%8C/%E0%B8%81%E0%B8%B1%E0%B8%99%E0%B8%99%E0%B9%89%E0%B8%B3"",""published"":""2026-06-04"",""headline"":""ช้อป กระเป๋าใส่โทรศัพท์ กันน้ำ ง่าย ๆ บน Shopee | มิ.ย. 2026"",""key_fact"":""category page shows low-price waterproof phone pouch options and a sold-20k item"",""use_case"":""commute protection"",""observer_agent"":""viral_scout_web""}",viral_scout_web
obs-tmd-southwest-coast-20260604-r4,tmd-southwest-coast-heavy-rain-20260604,2026-06-04T20:40:20+07:00,,,,,,,,,,cautious,repeat check keeps south-west coast travel prep live,"{""source_url"":""https://www.tmd.go.th/weather/weatherthailand"",""published"":""2026-06-04"",""headline"":""กรมอุตุนิยมวิทยา | พยากรณ์อากาศทั่วประเทศ"",""key_fact"":""evening forecast still keeps heavy rain and strong-wave caution active for the Andaman side and south-west coast travel window"",""use_case"":""dry bag travel prep"",""observer_agent"":""viral_scout_web""}",viral_scout_web
obs-shopee-phone-waterproof-pouch-20260604-r2,shopee-phone-waterproof-pouch-20260604,2026-06-04T20:40:20+07:00,,,,,,,,,,neutral,repeat check still shows low-price phone pouch options for rainy commute,"{""source_url"":""https://shopee.co.th/list/%E0%B8%81%E0%B8%A3%E0%B8%B0%E0%B9%80%E0%B8%9B%E0%B9%8B%E0%B8%B2%E0%B9%82%E0%B8%97%E0%B8%A3%E0%B8%A8%E0%B8%B1%E0%B8%9E%E0%B8%97%E0%B9%8C/%E0%B8%81%E0%B8%B1%E0%B8%99%E0%B8%99%E0%B9%89%E0%B8%B3"",""published"":""2026-06-04"",""headline"":""Shopee Thailand live list for waterproof phone pouch / phone protection"",""key_fact"":""public listing/search shell still supports the phone-pouch rain-protection angle with low-price positioning"",""use_case"":""phone protection for rain commute"",""observer_agent"":""viral_scout_web""}",viral_scout_web
obs-tmd-heavy-rain-20260605-r4,tmd-heavy-rain-commute-20260605,2026-06-05T03:06:48+07:00,,,,,,,,,,cautious,official forecast still keeps Bangkok and vicinity thunderstorm risk live on the current recheck,"{""source_url"":""https://www.tmd.go.th/weather/weatherthailand"",""published"":""2026-06-05"",""headline"":""Thailand Weather Daily Weather Forecast"",""key_fact"":""live weather page still shows Bangkok and vicinity thunderstorm risk on the current recheck"",""use_case"":""commute protection"",""observer_agent"":""viral_scout_web""}",viral_scout_web
obs-tmd-southwest-coast-heavy-rain-20260605-r4,tmd-southwest-coast-heavy-rain-20260604,2026-06-05T03:06:48+07:00,,,,,,,,,,cautious,current TMD warning still keeps south-west coast travel prep live on the current recheck,"{""source_url"":""https://www.tmd.go.th/en/warning-and-events/warning-storm/heavy-to-very-heavy-rains-in-thailand-strong-wind-waves-in-the-andaman-sea-no-11-89-2026"",""published"":""2026-06-01"",""headline"":""Heavy to very heavy rains in Thailand, Strong Wind-Waves in the Andaman Sea No. 11 (89/2026)"",""key_fact"":""live advisory still supports travel-prep demand on the Andaman and south-west coast route"",""use_case"":""dry bag travel prep"",""observer_agent"":""viral_scout_web""}",viral_scout_web
obs-shopee-phone-waterproof-pouch-budget-20260605-r3,shopee-phone-waterproof-pouch-budget-20260605,2026-06-05T03:06:48+07:00,,,,,,,,,,neutral,repeat check still shows the 99 baht phone-pouch floor for rainy commute,"{""source_url"":""https://shopee.co.th/-%E0%B8%A5%E0%B8%94%E0%B9%80%E0%B8%AB%E0%B8%A5%E0%B8%B7%E0%B8%AD-99-Waterproof-Phone-Pouch-%E0%B8%8B%E0%B8%AD%E0%B8%87%E0%B8%81%E0%B8%B1%E0%B8%99%E0%B8%99%E0%B9%89%E0%B8%B3-%E0%B8%8B%E0%B8%AD%E0%B8%87%E0%B9%83%E0%B8%AA%E0%B9%88%E0%B8%A1%E0%B8%B7%E0%B8%AD%E0%B8%96%E0%B%B7%E0%B8%AD-%E0%B8%8B%E0%B8%AD%E0%B8%87%E0%B9%82%E0%B8%97%E0%B8%A3%E0%B8%A8%E0%B8%B1%E0%B8%9E%E0%B9%8C-%E0%B8%A5%E0%B9%87%E0%B8%ADก-3-%E0%B8%8A%E0%B8%B1%E0%B9%89%E0%B8%99-%E0%B8%96%E0%B9%88%E0%B8%B2%E0%B8%A2%E0%B8%A3%E0%B8%B9%E0%B8%9B%E0%B9%84%E0%B8%94%E0%B9%89-%E0%B8%AA%E0%B9%81%E0%B8%81%E0%B8%99%E0%B9%83%E0%B8%9A%E0%B8%AB%E0%B8%99%E0%B9%89%E0%B8%B2%E0%B9%84%E0%B8%94%E0%B9%89-i.1003025970.25543882447"",""published"":""2026-06-05"",""headline"":""[ลดเหลือ 99] Waterproof Phone Pouch ซองกันน้ำ ซองใส่มือถือ ซองโทรศัพท์ ล็อก 3 ชั้น ถ่ายรูปได้ สแกนใบหน้าได้"",""key_fact"":""public listing still shows visible 99 baht floor and commuter-friendly feature claims"",""use_case"":""phone protection for rain commute"",""observer_agent"":""viral_scout_web""}",viral_scout_web
obs-shopee-backpack-rain-cover-20260605-r1,shopee-backpack-rain-cover-category-20260605,2026-06-05T03:06:48+07:00,,,,,,,,,,neutral,today search snippet still shows backpack rain-cover options with a live low-price floor,"{""source_url"":""https://shopee.co.th/list/%E0%B8%81%E0%B8%A3%E0%B8%B0%E0%B9%80%E0%B8%9B%E0%B9%8B%E0%B8%B2%E0%B9%80%E0%B8%9B%E0%B9%89%E0%B8%81%E0%B8%B1%E0%B8%99%E0%B8%99%E0%B9%89%E0%B8%B3/%E0%B8%96%E0%B8%B8%E0%B8%87%E0%B8%84%E0%B8%A5%E0%B8%B8%E0%B8%A1"",""published"":""2026-06-05"",""headline"":""ช้อป กระเป๋าเป้กันน้ำ ถุงคลุม ง่าย ๆ บน Shopee | มิ.ย. 2026"",""key_fact"":""search snippet shows backpack rain-cover options and a visible 42 baht floor"",""use_case"":""commute protection"",""observer_agent"":""viral_scout_web""}",viral_scout_web
obs-tmd-heavy-rain-20260605-r5,tmd-heavy-rain-commute-20260605,2026-06-05T10:01:59+07:00,,,,,,,,,,cautious,fresh web recheck still shows Bangkok thunderstorms and commute rain protection live,"{""source_url"":""https://www.tmd.go.th/weather/weatherthailand"",""published"":""2026-06-05"",""headline"":""Thailand Weather Daily Weather Forecast"",""key_fact"":""live weather page still shows Bangkok and vicinity thunderstorm risk on the current recheck"",""use_case"":""commute protection"",""observer_agent"":""viral_scout_web""}",viral_scout_web
obs-shopee-backpack-rain-cover-20260605-r2,shopee-backpack-rain-cover-category-20260605,2026-06-05T10:01:59+07:00,,,,,,,,,,neutral,fresh search recheck still shows backpack rain-cover options and the low-price floor,"{""source_url"":""https://shopee.co.th/list/%E0%B8%81%E0%B8%A3%E0%B8%B0%E0%B9%80%E0%B8%9B%E0%B9%8B%E0%B8%B2%E0%B9%80%E0%B8%9B%E0%B9%89%E0%B8%81%E0%B8%B1%E0%B8%99%E0%B8%99%E0%B9%89%E0%B8%B3/%E0%B8%96%E0%B8%B8%E0%B8%87%E0%B8%84%E0%B8%A5%E0%B8%B8%E0%B8%A1"",""published"":""2026-06-05"",""headline"":""ช้อป กระเป๋าเป้กันน้ำ ถุงคลุม ง่าย ๆ บน Shopee | มิ.ย. 2026"",""key_fact"":""search snippet still shows backpack rain-cover options around ฿42-99 with commute/school use"",""use_case"":""commute protection"",""observer_agent"":""viral_scout_web""}",viral_scout_web
obs-shopee-phone-waterproof-pouch-budget-20260605-r4,shopee-phone-waterproof-pouch-budget-20260605,2026-06-05T10:01:59+07:00,,,,,,,,,,neutral,fresh search recheck still shows the 99 baht phone-pouch floor for rainy commute,"{""source_url"":""https://shopee.co.th/-%E0%B8%A5%E0%B8%94%E0%B9%80%E0%B8%AB%E0%B8%A5%E0%B8%B7%E0%B8%AD-99-Waterproof-Phone-Pouch-%E0%B8%8B%E0%B8%AD%E0%B8%87%E0%B8%81%E0%B8%B1%E0%B8%99%E0%B8%99%E0%B9%89%E0%B8%B3-%E0%B8%8B%E0%B8%AD%E0%B8%87%E0%B9%83%E0%B8%AA%E0%B9%88%E0%B8%A1%E0%B8%B7%E0%B8%AD%E0%B8%96%E0%B8%B7%E0%B8%AD-%E0%B8%8B%E0%B8%AD%E0%B8%87%E0%B9%82%E0%B8%97%E0%B8%A3%E0%B8%A8%E0%B8%B1%E0%B8%9E%E0%B9%8C-%E0%B8%A5%E0%B9%87%E0%B8%AD%E0%B8%81-3-%E0%B8%8A%E0%B8%B1%E0%B9%89%E0%B8%99-%E0%B8%96%E0%B9%88%E0%B8%B2%E0%B8%A2%E0%B8%A3%E0%B8%B9%E0%B8%9B%E0%B9%84%E0%B8%94%E0%B9%89-%E0%B8%AA%E0%B9%81%E0%B8%81%E0%B8%99%E0%B9%83%E0%B8%9A%E0%B8%AB%E0%B8%99%E0%B9%89%E0%B8%B2%E0%B9%84%E0%B8%94%E0%B9%89-i.1003025970.25543882447"",""published"":""2026-06-05"",""headline"":""[ลดเหลือ 99] Waterproof Phone Pouch ซองกันน้ำ ซองใส่มือถือ ซองโทรศัพท์ ล็อก 3 ชั้น ถ่ายรูปได้ สแกนใบหน้าได้"",""key_fact"":""public listing still shows visible 99 baht floor and commuter-friendly feature claims"",""use_case"":""phone protection for rain commute"",""observer_agent"":""viral_scout_web""}",viral_scout_web
obs-tmd-heavy-rain-20260605-r6,tmd-heavy-rain-commute-20260605,2026-06-05T11:03:22+07:00,,,,,,,,,,cautious,fresh web recheck still shows Bangkok thunderstorms and commute rain protection live,"{""source_url"":""https://www.tmd.go.th/weather/weatherthailand"",""published"":""2026-06-05"",""headline"":""Thailand Weather Daily Weather Forecast"",""key_fact"":""live weather page still shows Bangkok and vicinity thunderstorm risk on the current recheck"",""use_case"":""commute protection"",""observer_agent"":""viral_scout_web""}",viral_scout_web
obs-shopee-backpack-rain-cover-20260605-r3,shopee-backpack-rain-cover-category-20260605,2026-06-05T11:03:22+07:00,,,,,,,,,,neutral,fresh search recheck still shows backpack rain-cover options and the low-price floor,"{""source_url"":""https://shopee.co.th/list/%E0%B8%81%E0%B8%A3%E0%B8%B0%E0%B9%8B%E0%B8%B2%E0%B9%80%E0%B8%9B%E0%B9%89%E0%B8%81%E0%B8%B1%E0%B8%99%E0%B8%99%E0%B9%89%E0%B8%B3/%E0%B8%96%E0%B8%B8%E0%B8%87%E0%B8%84%E0%B8%A5%E0%B8%B8%E0%B8%A1"",""published"":""2026-06-05"",""headline"":""Shopee Thailand backpack rain-cover category search"",""key_fact"":""search snippet still shows backpack rain-cover options around ฿42-99 with commute/school use"",""use_case"":""commute protection"",""observer_agent"":""viral_scout_web""}",viral_scout_web
obs-shopee-phone-waterproof-pouch-budget-20260605-r5,shopee-phone-waterproof-pouch-budget-20260605,2026-06-05T11:03:22+07:00,,,,,,,,,,neutral,fresh search recheck still shows the 99 baht phone-pouch floor for rainy commute,"{""source_url"":""https://shopee.co.th/-%E0%B8%A5%E0%B8%94%E0%B9%80%E0%B8%AB%E0%B8%A5%E0%B8%B7%E0%B8%AD-99-Waterproof-Phone-Pouch-%E0%B8%8B%E0%B8%AD%E0%B8%87%E0%B8%81%E0%B8%B1%E0%B8%99%E0%B8%99%E0%B9%89%E0%B8%B3-%E0%B8%8B%E0%B8%AD%E0%B8%87%E0%B9%83%E0%B8%AA%E0%B9%88%E0%B8%A1%E0%B8%B7%E0%B8%AD%E0%B8%96%E0%B%B7%E0%B8%AD-%E0%B8%8B%E0%B8%AD%E0%B8%87%E0%B9%82%E0%B8%97%E0%B8%A3%E0%B8%A8%E0%B8%B1%E0%B8%9E%E0%B9%8C-%E0%B8%A5%E0%B9%87%E0%B8%AD%E0%B8%81-3-%E0%B8%8A%E0%B8%B1%E0%B9%89%E0%B8%99-%E0%B8%96%E0%B9%88%E0%B8%B2%E0%B8%A2%E0%B8%A3%E0%B8%B9%E0%B8%9B%E0%B9%84%E0%B8%94%E0%B9%89-%E0%B8%AA%E0%B9%81%E0%B8%81%E0%B8%99%E0%B9%83%E0%B8%9A%E0%B8%AB%E0%B8%99%E0%B9%89%E0%B8%B2%E0%B9%84%E0%B8%94%E0%B9%89-i.1003025970.25543882447"",""published"":""2026-06-05"",""headline"":""[ลดเหลือ 99] Waterproof Phone Pouch ซองกันน้ำ ซองใส่มือถือ ซองโทรศัพท์ ล็อก 3 ชั้น ถ่ายรูปได้ สแกนใบหน้าได้"",""key_fact"":""public listing still shows visible 99 baht floor and commuter-friendly feature claims"",""use_case"":""phone protection for rain commute"",""observer_agent"":""viral_scout_web""}",viral_scout_web
obs-tmd-heavy-rain-20260605-r7,tmd-heavy-rain-commute-20260605,2026-06-05T12:03:27+07:00,,,,,,,,,,cautious,latest TMD page still shows Bangkok and vicinity thunderstorm risk with heavy rain pockets,"{""source_url"":""https://www.tmd.go.th/weather/weatherthailand"",""published"":""2026-06-05"",""headline"":""กรมอุตุนิยมวิทยา | พยากรณ์อากาศทั่วประเทศ"",""key_fact"":""daily forecast at 05 Jun 2026 12:00 still shows Bangkok and surrounding areas with 60% thunderstorms and some heavy rain"",""use_case"":""commute protection"",""observer_agent"":""viral_scout_web""}",viral_scout_web
obs-shopee-backpack-rain-cover-20260605-r4,shopee-backpack-rain-cover-category-20260605,2026-06-05T12:03:27+07:00,,,,,,,,,,neutral,latest Shopee backpack rain-cover search still shows a live low-price floor and multiple size options,"{""source_url"":""https://shopee.co.th/list/%E0%B8%81%E0%B8%A3%E0%B8%B0%E0%B9%80%E0%B8%9B%E0%B9%89%E0%B8%B2%E0%B9%80%E0%B8%9B%E0%B9%89%E0%B8%81%E0%B8%B1%E0%B8%99%E0%B8%99%E0%B9%89%E0%B8%B3/%E0%B8%96%E0%B8%B8%E0%B8%87%E0%B8%84%E0%B8%A5%E0%B8%B8%E0%B8%A1"",""published"":""2026-06-05"",""headline"":""Shopee Thailand backpack rain-cover category search"",""key_fact"":""today's search result shows TravelGear24 backpack rain cover at ฿99 and another listing at ฿290, with 35L/60L sizing visible"",""use_case"":""commute protection"",""observer_agent"":""viral_scout_web""}",viral_scout_web
obs-shopee-phone-waterproof-pouch-budget-20260605-r6,shopee-phone-waterproof-pouch-budget-20260605,2026-06-05T12:03:27+07:00,,,,,,,,,,neutral,latest Shopee phone-pouch search still shows the visible 99 baht floor and phone-friendly feature claims,"{""source_url"":""https://shopee.co.th/-%E0%B8%A5%E0%B8%94%E0%B9%80%E0%B8%AB%E0%B8%A5%E0%B%B7%E0%B8%AD-99-Waterproof-Phone-Pouch-%E0%B8%8B%E0%B8%AD%E0%B8%87%E0%B8%81%E0%B8%B1%E0%B8%99%E0%B9%89%E0%B8%B3-%E0%B8%8B%E0%B8%AD%E0%B8%87%E0%B9%83%E0%B8%AA%E0%B9%88%E0%B8%A1%E0%B8%B7%E0%B8%AD%E0%B8%96%E0%B8%B7%E0%B8%AD-%E0%B8%8B%E0%B8%AD%E0%B8%87%E0%B9%82%E0%B8%97%E0%B8%A3%E0%B8%A8%E0%B8%B1%E0%B8%9E%E0%B9%8C-%E0%B8%A5%E0%B9%87%E0%B8%AD%E0%B8%81-3-%E0%B8%8A%E0%B8%B1%E0%B9%89%E0%B8%99-%E0%B8%96%E0%B9%88%E0%B8%B2%E0%B8%A2%E0%B8%A3%E0%B8%B9%E0%B8%9B%E0%B9%84%E0%B8%94%E0%B9%89-%E0%B8%AA%E0%B9%81%E0%B8%81%E0%B8%99%E0%B9%83%E0%B8%9A%E0%B8%AB%E0%B8%99%E0%B9%89%E0%B8%B2%E0%B9%84%E0%B8%94%E0%B9%89-i.1003025970.25543882447"",""published"":""2026-06-05"",""headline"":""[ลดเหลือ 99] Waterproof Phone Pouch ซองกันน้ำ ซองใส่มือถือ ซองโทรศัพท์ ล็อก 3 ชั้น ถ่ายรูปได้ สแกนใบหน้าได้"",""key_fact"":""public listing still shows visible 99 baht floor and commuter-friendly feature claims"",""use_case"":""phone protection for rain commute"",""observer_agent"":""viral_scout_web""}",viral_scout_web
obs-tmd-heavy-rain-20260605-r8,tmd-heavy-rain-commute-20260605,2026-06-05T14:02:40+07:00,,,,,,,,,,cautious,current TMD forecast still keeps Bangkok thunderstorms and commute rain protection live,"{""source_url"":""https://www.tmd.go.th/weather/weatherthailand"",""published"":""2026-06-05"",""headline"":""กรมอุตุนิยมวิทยา | พยากรณ์อากาศทั่วประเทศ"",""key_fact"":""current daily forecast still shows Bangkok and surrounding areas with thunderstorm risk and some heavy rain"",""use_case"":""commute protection"",""observer_agent"":""viral_scout_web""}",viral_scout_web
obs-shoe-cover-budget-20260605-r1,shopee-shoe-cover-budget-20260605,2026-06-05T14:02:40+07:00,,,,,,,,,,neutral,current Shopee shoe-cover listing still shows a low-price floor and reusable packable shoe protection,"{""source_url"":""https://shopee.co.th/Shoe-cover-%E0%B8%96%E0%B8%B8%E0%B8%87%E0%B8%84%E0%B8%A5%E0%B8%B8%E0%B8%A1%E0%B8%A3%E0%B8%AD%E0%B8%87%E0%B9%80%E0%B8%97%E0%B9%89%E0%B8%B2-%E0%B8%81%E0%B8%B1%E0%B8%99%E0%B8%99%E0%B9%89%E0%B8%B3-%E0%B8%81%E0%B8%B1%E0%B8%99%E0%B8%9D%E0%B8%99-%E0%B8%9E%E0%B8%A3%E0%B9%89%E0%B8%AD%E0%B8%A1%E0%B8%81%E0%B8%B1%E0%B8%99%E0%B8%A5%E0%B8%B7%E0%B9%88%E0%B8%99-%E0%B8%A7%E0%B8%B1%E0%B8%AA%E0%B8%94%E0%B8%B8%E0%B8%A2%E0%B8%B2%E0%B8%87%E0%B8%A5%E0%B8%B2%E0%B9%80%E0%B8%97%E0%B9%87%E0%B8%81%E0%B8%8B%E0%B9%8C-%E0%B8%A1%E0%B9%89%E0%B8%A7%E0%B8%99%E0%B9%80%E0%B8%81%E0%B9%87%E0%B8%9A%E0%B8%9E%E0%B8%81%E0%B8%9E%E0%B8%B2%E0%B9%84%E0%B8%94%E0%B9%89-%E0%B9%83%E0%B8%8A%E0%B9%89%E0%B8%8B%E0%B9%89%E0%B8%B3%E0%B9%84%E0%B8%94%E0%B9%89%E0%B8%AB%E0%B8%A5%E0%B8%B2%E0%B8%A2%E0%B8%84%E0%B8%A3%E0%B8%B1%E0%B9%89%E0%B8%87-%E0%B8%AA%E0%B8%A7%E0%B8%A1%E0%B9%83%E0%B8%AA%E0%B9%88%E0%B8%87%E0%B9%88%E0%B8%B2%E0%B8%A2-i.135486771.41868680628"",""published"":""2026-06-05"",""headline"":""Shoe cover ถุงคลุมรองเท้า กันน้ำ กันฝน พร้อมกันลื่น วัสดุยางลาเท็กซ์ ม้วนเก็บพกพาได้ ใช้ซ้ำได้หลายครั้ง สวมใส่ง่าย"",""key_fact"":""public listing still shows 2 options at ฿19-฿21 and a reusable packable format"",""use_case"":""rainy commute shoe protection"",""observer_agent"":""viral_scout_web""}",viral_scout_web
obs-shoe-cover-weather-20260605,tmd-heavy-rain-overflow-shoe-cover-20260605,2026-06-05T13:02:22+07:00,,,,,,,,,,cautious,heavy rain and overflow risk keep wet-shoe commute pain visible,"{""source_url"":""https://www.nationthailand.com/news/general/40067037"",""published"":""2026-06-04"",""headline"":""Heavy rain raises overflow risk in low-lying areas, RID warns"",""key_fact"":""heavy accumulated rain and flood-risk warning"",""use_case"":""shoe protection for wet commute"",""observer_agent"":""viral_scout_web""}",viral_scout_web
obs-shoe-cover-budget-20260605,shopee-shoe-cover-budget-20260605,2026-06-05T13:02:22+07:00,,,,,,,,,,neutral,Shopee shoe-cover listing shows a low-price floor and active shop for rainy-commute shoe protection,"{""source_url"":""https://shopee.co.th/Shoe-cover-%E0%B8%96%E0%B8%B8%E0%B8%87%E0%B8%84%E0%B8%A5%E0%B8%B8%E0%B8%A1%E0%B8%A3%E0%B8%AD%E0%B8%87%E0%B9%80%E0%B8%97%E0%B9%89%E0%B8%B2-%E0%B8%81%E0%B8%B1%E0%B8%99%E0%B8%99%E0%B9%89%E0%B%B3-%E0%B8%81%E0%B8%B1%E0%B8%99%E0%B8%9D%E0%B8%99-%E0%B8%9E%E0%B8%A3%E0%B9%89%E0%B8%AD%E0%B8%A1%E0%B8%81%E0%B8%B1%E0%B8%99%E0%B8%A5%E0%B8%B7%E0%B9%88%E0%B8%99-%E0%B8%A7%E0%B8%B1%E0%B8%AA%E0%B8%94%E0%B8%B8%E0%B8%A2%E0%B8%B2%E0%B8%87%E0%B8%A5%E0%B8%B2%E0%B9%80%E0%B8%97%E0%B9%87%E0%B8%81%E0%B8%8B%E0%B9%8C-%E0%B8%A1%E0%B9%89%E0%B8%A7%E0%B8%99%E0%B9%80%E0%B8%81%E0%B9%87%E0%B8%9A%E0%B8%9E%E0%B8%81%E0%B8%9E%E0%B8%B2%E0%B9%84%E0%B8%94%E0%B9%89-%E0%B9%83%E0%B8%8A%E0%B9%89%E0%B8%8B%E0%B9%89%E0%B8%B3%E0%B9%84%E0%B8%94%E0%B9%89%E0%B8%AB%E0%B8%A5%E0%B8%B2%E0%B8%A2%E0%B8%84%E0%B8%A3%E0%B8%B1%E8%89%E0%B9%89%E0%B8%87-%E0%B8%AA%E0%B8%A7%E0%B8%A1%E0%B9%83%E0%B8%AA%E0%B9%88%E0%B8%87%E0%B9%88%E0%B8%B2%E0%B8%A2-i.135486771.41868680628"",""published"":""2026-06-05"",""headline"":""Shoe cover ถุงคลุมรองเท้า กันน้ำ กันฝน พร้อมกันลื่น วัสดุยางลาเท็กซ์ ม้วนเก็บพกพาได้ ใช้ซ้ำได้หลายครั้ง สวมใส่ง่าย"",""key_fact"":""public listing shows 2 options at ฿19-฿21 with an active shop and reusable packable shoe-cover format"",""use_case"":""rainy commute shoe protection"",""observer_agent"":""viral_scout_web""}",viral_scout_web
obs-tmd-heavy-rain-20260605-r9,tmd-heavy-rain-commute-20260605,2026-06-05T15:02:43+07:00,,,,,,,,,,cautious,repeat TMD check still shows Bangkok and vicinity thunderstorm risk plus heavy-rain pockets,"{""source_url"":""https://www.tmd.go.th/weather/weatherthailand"",""published"":""2026-06-05"",""headline"":""กรมอุตุนิยมวิทยา | พยากรณ์อากาศทั่วประเทศ"",""key_fact"":""05 Jun 2026 12:00 bulletin still shows Bangkok and surrounding areas with 60% thunderstorms and some heavy rain; 7-day outlook stays wet"",""use_case"":""commute protection"",""observer_agent"":""viral_scout_web""}",viral_scout_web
obs-shoe-cover-budget-20260605-r2,shopee-shoe-cover-budget-20260605,2026-06-05T15:02:43+07:00,,,,,,,,,,neutral,repeat Shopee search still shows the low-price shoe-cover floor and reusable packable format,"{""source_url"":""https://shopee.co.th/search?keyword=shoe%20cover"",""published"":""2026-06-05"",""headline"":""Shopee Thailand search for shoe cover"",""key_fact"":""search result still surfaces a live shoe-cover floor around ฿19-฿21 with reusable packable format"",""use_case"":""rainy commute shoe protection"",""observer_agent"":""viral_scout_web""}",viral_scout_web
obs-tmd-heavy-rain-20260605-r10,tmd-heavy-rain-commute-20260605,2026-06-05T16:03:38+07:00,,,,,,,,,,cautious,current TMD recheck still shows Bangkok and vicinity thunderstorm risk with wet commute timing,"{""source_url"":""https://www.tmd.go.th/weather/weatherthailand"",""published"":""2026-06-05"",""headline"":""กรมอุตุนิยมวิทยา | พยากรณ์อากาศทั่วประเทศ"",""key_fact"":""current live forecast still shows Bangkok and surrounding areas with thunderstorm risk and some heavy rain; 7-day outlook remains wet"",""use_case"":""commute protection"",""observer_agent"":""viral_scout_web""}",viral_scout_web
obs-shoe-cover-budget-20260605-r3,shopee-shoe-cover-budget-20260605,2026-06-05T16:03:38+07:00,,,,,,,,,,neutral,current Shopee shoe-cover recheck still shows a live low-price floor and reusable packable format,"{""source_url"":""https://shopee.co.th/search?keyword=shoe%20cover"",""published"":""2026-06-05"",""headline"":""Shopee Thailand search for shoe cover"",""key_fact"":""search result still surfaces a live shoe-cover floor around ฿19-฿21 with reusable packable format"",""use_case"":""rainy commute shoe protection"",""observer_agent"":""viral_scout_web""}",viral_scout_web
obs-gt-th-ฮุน-เซน-a0e70e86-20260605180225,gt-th-ฮุน-เซน-a0e70e86,2026-06-05T18:02:25+07:00,,,,,,1,1,200+,200+,unknown,keyword trend: ฮุน เซน,"{""title"": ""ฮุน เซน"", ""geo"": ""TH"", ""approx"": ""200+"", ""pub_date"": ""Fri, 5 Jun 2026 03:40:00 -0700"", ""news"": [{""title"": ""นายกฯ มอบ 'สีหศักดิ์' ตัวแทนไทยเข้ากระบวนการ UNCLOS กร้าวปิดประตูคุย JBC-GBC"", ""url"": ""https://www.thaipost.net/hi-light/1008957/"", ""source"": ""Thaipost.net""}, {""title"": ""“อนุทิน” มอบ “สีหศักดิ์” คุย UNCLOS ไม่กังวลกัมพูชาช่วงชิงพื้นที่เวทีโลก"", ""url"": ""https://www.thairath.co.th/news/politic/2937624"", ""source"": ""Thairath.co.th""}, {""title"": ""ไทย-กัมพูชา เห็นต่างเจรจาประนอมภาคบังคับ?"", ""url"": ""https://www.thaipbs.or.th/program/khaoTieng/watch/2s19f845igel"", ""source"": ""Thai PBS""}]}",social_media_scanner_google_trends
obs-gt-th-ศาล-621a34f8-20260605180225,gt-th-ศาล-621a34f8,2026-06-05T18:02:25+07:00,,,,,,2,2,1000+,1000+,unknown,keyword trend: ศาล,"{""title"": ""ศาล"", ""geo"": ""TH"", ""approx"": ""1000+"", ""pub_date"": ""Fri, 5 Jun 2026 02:30:00 -0700"", ""news"": [{""title"": ""“ปกรณ์” ชี้ ศร.เรียกผู้เชี่ยวชาญให้ความเห็นปม พ.ร.ก.กู้เงินเป็นเรื่องปกติ"", ""url"": ""https://www.thaipbs.or.th/news/content/506716"", ""source"": ""Thai PBS""}, {""title"": ""“ธนกร” แนะวงเงินกู้ 2 แสนล้านสำหรับลงทุนด้านเปลี่ยนผ่านพลังงาน ต้องโปร่งใส คุ้มค่า"", ""url"": ""https://www.thairath.co.th/news/politic/2937459"", ""source"": ""Thairath.co.th""}, {""title"": ""อภิสิทธิ์ จี้ทบทวนใหม่ เงื่อนไขบัตรคนจน ตัดสิทธิพ่อแม่ ชี้ รัฐเข้มงวดผิดทาง"", ""url"": ""https://news.ch7.com/detail/877304"", ""source"": ""Ch7.com""}]}",social_media_scanner_google_trends
obs-gt-th-ราคาทอง-1-บาท-วันนี้-584ec118-20260605180225,gt-th-ราคาทอง-1-บาท-วันนี้-584ec118,2026-06-05T18:02:25+07:00,,,,,,3,3,5000+,5000+,unknown,keyword trend: ราคาทอง 1 บาท วันนี้,"{""title"": ""ราคาทอง 1 บาท วันนี้"", ""geo"": ""TH"", ""approx"": ""5000+"", ""pub_date"": ""Fri, 5 Jun 2026 00:30:00 -0700"", ""news"": [{""title"": ""ราคาทอง 1 บาทวันนี้ 5 มิถุนายน 2569 อัปเดตล่าสุด ทองคำแท่ง-ทองรูปพรรณ ขยับกี่บาท"", ""url"": ""https://www.thairath.co.th/news/society/2937521"", ""source"": ""Thairath.co.th""}, {""title"": ""ทองคำปิดตลาดขยับขึ้น 100 บาท ลุ้นผลเจรจาตะวันออกกลาง-ข้อมูลแรงงานสหรัฐฯ | การเงินธนาคาร"", ""url"": ""https://today.line.me/th/v3/article/7N1MV8P"", ""source"": ""LINE TODAY""}, {""title"": ""ราคาทองเปิดตลาด ราคาทองปรับลง 250 ขายออกที่บาทละ 68,850 บาท"", ""url"": ""https://news.ch7.com/detail/877229"", ""source"": ""Ch7.com""}]}",social_media_scanner_google_trends
obs-gt-th-การเมือง-9c2c1b5f-20260605180225,gt-th-การเมือง-9c2c1b5f,2026-06-05T18:02:25+07:00,,,,,,4,4,5000+,5000+,unknown,keyword trend: การเมือง,"{""title"": ""การเมือง"", ""geo"": ""TH"", ""approx"": ""5000+"", ""pub_date"": ""Thu, 4 Jun 2026 21:20:00 -0700"", ""news"": [{""title"": ""ปลัด ยธ.คาดกระบวนการปล่อยตัว \""ทักษิณ\"" เสร็จสิ้น มิ.ย.นี้"", ""url"": ""https://www.thaipbs.or.th/news/content/506733"", ""source"": ""Thai PBS""}, {""title"": ""“อนุทิน” ชี้ “ทักษิณ” พ้นโทษ ขออย่ากังวลมีอิทธิพลเหนือรัฐบาล พร้อมเชื่อหากคิดวางมือการเมือง"", ""url"": ""https://www.thairath.co.th/news/politic/2937607"", ""source"": ""Thairath.co.th""}, {""title"": ""อดีตนายกฯอิ๊งค์ เผยไทม์ไลน์ “คุณพ่อทักษิณ” หลังได้รับอิสรภาพ"", ""url"": ""https://www.nationtv.tv/news/politics/378978353"", ""source"": ""เนชั่นทีวี สถานีข่าว 24 ชั่วโมง""}]}",social_media_scanner_google_trends
obs-gt-th-scratch-ffdf8c66-20260605180225,gt-th-scratch-ffdf8c66,2026-06-05T18:02:25+07:00,,,,,,5,5,1000+,1000+,unknown,keyword trend: scratch,"{""title"": ""scratch"", ""geo"": ""TH"", ""approx"": ""1000+"", ""pub_date"": ""Thu, 4 Jun 2026 20:20:00 -0700"", ""news"": [{""title"": ""Hoosier Lottery pulls Space Invaders scratch-off over ‘technical issue’"", ""url"": ""https://fox59.com/indiana-news/hoosier-lottery-pulls-space-invaders-scratch-off-over-technical-issue/"", ""source"": ""Fox 59""}, {""title"": ""Scratch-off players thought they won big. There was a 'technical issue'"", ""url"": ""https://www.usatoday.com/story/money/lottery/2026/06/03/hoosier-lottery-space-invaders-scratch-off-prize-confusion/90388215007/"", ""source"": ""USA Today""}, {""title"": ""Hoosier Lottery pauses Space Invaders Scratch-off due to 'technical issues'"", ""url"": ""https://wsbt.com/news/local/hoosier-lottery-pauses-space-invaders-scratch-off-technical-issue-winner-ticket-scan-issue-complaint-indiana"", ""source"": ""WSBT""}]}",social_media_scanner_google_trends
obs-gt-th-เม็กซิโก-พบ-เซอร์เบีย-f215860c-20260605180225,gt-th-เม็กซิโก-พบ-เซอร์เบีย-f215860c,2026-06-05T18:02:25+07:00,,,,,,6,6,500+,500+,unknown,keyword trend: เม็กซิโก พบ เซอร์เบีย,"{""title"": ""เม็กซิโก พบ เซอร์เบีย"", ""geo"": ""TH"", ""approx"": ""500+"", ""pub_date"": ""Thu, 4 Jun 2026 18:50:00 -0700"", ""news"": [{""title"": ""Mexico earn dominant 5-1 victory in World Cup sendoff match"", ""url"": ""https://www.espn.com/soccer/story/_/id/48971934/mexico-earn-dominant-5-1-victory-world-cup-sendoff-match"", ""source"": ""ESPN""}, {""title"": ""Mexico vs Serbia: Friendlies stats & head-to-head"", ""url"": ""https://www.bbc.com/sport/football/live/cx21z2l1213t"", ""source"": ""BBC""}, {""title"": ""How to watch today's Mexico vs Serbia Friendly game for FREE: Live stream, TV channel, and start time"", ""url"": ""https://www.goal.com/en-us/news/live-stream-online-tv-where-to-watch-mexico-v-serbia/blt6984146bda3f83de"", ""source"": ""Goal.com""}]}",social_media_scanner_google_trends
obs-gt-th-บางจาก-คอร์ปอเรชั่น-aa76bca3-20260605180225,gt-th-บางจาก-คอร์ปอเรชั่น-aa76bca3,2026-06-05T18:02:25+07:00,,,,,,7,7,100+,100+,unknown,keyword trend: บางจาก คอร์ปอเรชั่น,"{""title"": ""บางจาก คอร์ปอเรชั่น"", ""geo"": ""TH"", ""approx"": ""100+"", ""pub_date"": ""Thu, 4 Jun 2026 16:10:00 -0700"", ""news"": [{""title"": ""กลุ่มบริษัทบางจาก ร่วมขับเคลื่อน โครงการแสงนำใจไทยทั้งชาติ เดิน วิ่ง ปั่น ป้องกันอัมพาต ครั้งที่ 12 เฉลิมพระเกียรติ"", ""url"": ""https://www.newswit.com/th/ies01wrge2o3hfqjw0i7lnrsvag2kjx3"", ""source"": ""newswit""}, {""title"": ""กลุ่มบริษัทบางจาก ร่วมขับเคลื่อน โครงการแสงนำใจไทยทั้งชาติ เดิน วิ่ง ปั่น ป้องกันอัมพาต ครั้งที่ 12 เฉลิมพระเกียรติ"", ""url"": ""https://www.thaipr.net/general/3727715"", ""source"": ""ThaiPR.NET""}, {""title"": ""อัปเดตราคาน้ำมันล่าสุด 5 มิ.ย. สำรวจราคาเบนซิน-ดีเซล | The Better"", ""url"": ""https://today.line.me/th/v3/article/VxKZ5RR"", ""source"": ""LINE TODAY""}]}",social_media_scanner_google_trends
obs-gt-th-สภาพอากาศวันนี้-24bb778a-20260605180225,gt-th-สภาพอากาศวันนี้-24bb778a,2026-06-05T18:02:25+07:00,,,,,,8,8,200+,200+,unknown,keyword trend: สภาพอากาศวันนี้,"{""title"": ""สภาพอากาศวันนี้"", ""geo"": ""TH"", ""approx"": ""200+"", ""pub_date"": ""Thu, 4 Jun 2026 16:00:00 -0700"", ""news"": [{""title"": ""มรสุมพาดผ่านฝนตกหนักถึงหนักมากบางพื้นที่ ร้อยละ 70 | The Better"", ""url"": ""https://today.line.me/th/v3/article/x2W1YB8"", ""source"": ""LINE TODAY""}, {""title"": ""พบกลุ่มฝนเล็กน้อยถึงปานกลางที่ จ.ปทุมธานี"", ""url"": ""https://mgronline.com/uptodate/detail/9690000052703"", ""source"": ""ผู้จัดการออนไลน์""}, {""title"": ""พายุฝนถล่มเชียงใหม่ ลมกระโชกซัดเสาไฟ ต้นไม้โค่นทับบ้านเรือน รถพังเสียหายยับ!"", ""url"": ""https://www.dailynews.co.th/news/5916910/"", ""source"": ""เดลินิวส์""}]}",social_media_scanner_google_trends
obs-gt-th-lpga-3752fbe7-20260605180225,gt-th-lpga-3752fbe7,2026-06-05T18:02:25+07:00,,,,,,9,9,200+,200+,unknown,keyword trend: lpga,"{""title"": ""lpga"", ""geo"": ""TH"", ""approx"": ""200+"", ""pub_date"": ""Thu, 4 Jun 2026 15:40:00 -0700"", ""news"": [{""title"": ""สรุปผลกอล์ฟ LPGA: โปรแพตตี้ ปภังกร รั้งที่ 8 ร่วม \""จีโน่\""+2 เปิดฉากยูเอส วีเมนส์ โอเพ่น"", ""url"": ""https://www.siamsport.co.th/other-sports/golf/104711/"", ""source"": ""Siamsport""}, {""title"": ""\""โปรแพตตี\"" รั้งที่ 8 สวิงเมเจอร์-\""โปรจีโน่\"" เครื่องยังไม่ร้อน"", ""url"": ""https://www.dailynews.co.th/news/5920174/"", ""source"": ""เดลินิวส์""}, {""title"": ""แพ็ตตี้ประเดิมลบ 2 ที่ 7 ร่วม รอบแรก เมเจอร์ ยูเอส วีเมนส์ โอเพ่น"", ""url"": ""https://www.matichon.co.th/sport/golf/news_5748220"", ""source"": ""Matichon Online""}]}",social_media_scanner_google_trends
obs-gt-th-หวยพัฒนา-85ee42cc-20260605180225,gt-th-หวยพัฒนา-85ee42cc,2026-06-05T18:02:25+07:00,,,,,,10,10,1000+,1000+,unknown,keyword trend: หวยพัฒนา,"{""title"": ""หวยพัฒนา"", ""geo"": ""TH"", ""approx"": ""1000+"", ""pub_date"": ""Thu, 4 Jun 2026 15:00:00 -0700"", ""news"": [{""title"": ""หวยลาววันนี้ 5 มิถุนายน 2569 ผลหวยลาววันนี้ ตรวจผลหวยลาวพัฒนา"", ""url"": ""https://www.sanook.com/news/9892694/"", ""source"": ""Sanook""}, {""title"": ""หวยลาววันนี้ งวดประจำวันที่ 5 มิถุนายน 2569 ผลหวยพัฒนา ตรวจรางวัล ล่าสุด หวยลาว ออกอะไร | Khaosod"", ""url"": ""https://today.line.me/th/v3/article/609GYwj"", ""source"": ""LINE TODAY""}, {""title"": ""สถิติหวยลาววันพฤหัสบดี 04/06/69 หวยลาววันนี้ งวด 4 มิถุนายน 2569"", ""url"": ""https://www.komchadluek.net/lottery/lottery-statistics/617996"", ""source"": ""komchadluek""}]}",social_media_scanner_google_trends
obs-gt-us-melanie-hyer-doral-5dc14684-20260605180225,gt-us-melanie-hyer-doral-5dc14684,2026-06-05T18:02:25+07:00,,,,,,1,1,200+,200+,unknown,keyword trend: melanie hyer doral,"{""title"": ""melanie hyer doral"", ""geo"": ""US"", ""approx"": ""200+"", ""pub_date"": ""Fri, 5 Jun 2026 03:50:00 -0700"", ""news"": [{""title"": ""Father killed daughters and prominent realtor before killing himself, officials say"", ""url"": ""https://www.nbcmiami.com/news/local/doral-isles-murder-suicide-family/3817093/"", ""source"": ""NBC 6 South Florida""}, {""title"": ""Fla. Realtor and Two Daughters Killed by Her Ex-Husband in Apparent Murder-Suicide"", ""url"": ""https://people.com/realtor-ex-daughters-dead-in-apparent-murder-suicide-11990860"", ""source"": ""People.com""}, {""title"": ""Florida dad killed daughters and prominent realtor before killing himself, officials confirm"", ""url"": ""https://nypost.com/2026/06/05/us-news/flordia-father-ryan-charles-whiten-murdered-daughters-and-prominent-realtor-before-killing-himself-officials-confirm/"", ""source"": ""New York Post""}]}",social_media_scanner_google_trends
obs-gt-us-england-vs-new-zealand-b972350b-20260605180225,gt-us-england-vs-new-zealand-b972350b,2026-06-05T18:02:25+07:00,,,,,,2,2,200+,200+,unknown,keyword trend: england vs new zealand,"{""title"": ""england vs new zealand"", ""geo"": ""US"", ""approx"": ""200+"", ""pub_date"": ""Fri, 5 Jun 2026 03:50:00 -0700"", ""news"": [{""title"": ""England vs New Zealand: Ollie Robinson's road to redemption has perfect start at Lord's"", ""url"": ""https://www.bbc.com/sport/cricket/articles/cevpvx108l9o"", ""source"": ""BBC""}, {""title"": ""England v New Zealand: first men’s cricket Test, day two – live"", ""url"": ""https://www.theguardian.com/sport/live/2026/jun/05/england-v-new-zealand-first-mens-cricket-test-day-two-live"", ""source"": ""The Guardian""}, {""title"": ""Score summary - England vs New Zealand, first Test, Lord's"", ""url"": ""https://www.skysports.com/cricket/news/12040/13550856/england-vs-new-zealand-ollie-robinson-bags-three-wickets-in-over-as-test-summer-begins-in-breathless-fashion-at-lords"", ""source"": ""Sky Sports""}]}",social_media_scanner_google_trends
obs-gt-us-taylah-preston-bdfc6139-20260605180225,gt-us-taylah-preston-bdfc6139,2026-06-05T18:02:25+07:00,,,,,,3,3,100+,100+,unknown,keyword trend: taylah preston,"{""title"": ""taylah preston"", ""geo"": ""US"", ""approx"": ""100+"", ""pub_date"": ""Fri, 5 Jun 2026 03:50:00 -0700"", ""news"": [{""title"": ""Taylah Preston vs Ashlyn Krueger Prediction & Picks - WTA 125K Birmingham, Great Britain Women Singles"", ""url"": ""https://www.sportytrader.com/us/picks/taylah-preston-ashlyn-krueger-353188/"", ""source"": ""SportyTrader""}]}",social_media_scanner_google_trends
obs-gt-us-sharon-stone-ex-husband-43e23940-20260605180225,gt-us-sharon-stone-ex-husband-43e23940,2026-06-05T18:02:25+07:00,,,,,,4,4,100+,100+,unknown,keyword trend: sharon stone ex husband,"{""title"": ""sharon stone ex husband"", ""geo"": ""US"", ""approx"": ""100+"", ""pub_date"": ""Fri, 5 Jun 2026 03:40:00 -0700"", ""news"": [{""title"": ""Sharon Stone says marriage ended when husband walked out over her decision to get a mastectomy"", ""url"": ""https://www.yahoo.com/entertainment/celebrity/articles/sharon-stone-says-marriage-ended-165956982.html"", ""source"": ""Yahoo""}, {""title"": ""Sharon Stone's Husband Stormed Out Over Her Mastectomy Decision, And Women Everywhere Share Her Pain"", ""url"": ""https://www.buzzfeed.com/leylamohammed/sharon-stone-husband-reaction-mastectomy-sparks-discourse"", ""source"": ""BuzzFeed""}, {""title"": ""Sharon Stone Reveals That She Was Misdiagnosed With Breast Cancer and Got Unnecessary Surgery"", ""url"": ""https://www.instyle.com/sharon-stone-recalls-cancer-misdiagnosis-that-led-to-unnecessary-surgery-11990594"", ""source"": ""InStyle""}]}",social_media_scanner_google_trends
obs-gt-us-peco-280bb3fd-20260605180225,gt-us-peco-280bb3fd,2026-06-05T18:02:25+07:00,,,,,,5,5,100+,100+,unknown,keyword trend: peco,"{""title"": ""peco"", ""geo"": ""US"", ""approx"": ""100+"", ""pub_date"": ""Fri, 5 Jun 2026 03:40:00 -0700"", ""news"": [{""title"": ""Residents, businesses voice concern as energy costs spike throughout Pennsylvania"", ""url"": ""https://www.wtae.com/article/energy-costs-spike-pennsylvania/71463180"", ""source"": ""WTAE""}, {""title"": ""Electric rates expected to change across PA"", ""url"": ""https://www.aol.com/news/electric-rates-expected-change-across-005325048.html"", ""source"": ""AOL.com""}, {""title"": ""Williams, Topper, House Republicans Push Ratepayer Protection Plan as Electricity Prices Climb"", ""url"": ""https://fcfreepresspa.com/williams-topper-house-republicans-push-ratepayer-protection-plan-as-electricity-prices-climb/"", ""source"": ""Franklin County Free Press""}]}",social_media_scanner_google_trends
obs-gt-us-facebook-user-privacy-settlement-08e94a7a-20260605180225,gt-us-facebook-user-privacy-settlement-08e94a7a,2026-06-05T18:02:25+07:00,,,,,,6,6,500+,500+,unknown,keyword trend: facebook user privacy settlement,"{""title"": ""facebook user privacy settlement"", ""geo"": ""US"", ""approx"": ""500+"", ""pub_date"": ""Fri, 5 Jun 2026 03:30:00 -0700"", ""news"": [{""title"": ""Bonus payments announced in $725M Facebook privacy settlement. Here’s how much you’ll get"", ""url"": ""https://thehill.com/policy/technology/5909872-bonus-payments-announced-in-725m-facebook-privacy-settlement-heres-how-much-youll-get/"", ""source"": ""The Hill""}, {""title"": ""Second Facebook privacy settlement checks start June 9 — Facebook User Privacy Settlement"", ""url"": ""https://twaslnews1.twaslnews.com/1985307/"", ""source"": ""شبكة تواصل الإخبارية""}, {""title"": ""Did you get an email? Some users may get a second Facebook settlement check"", ""url"": ""https://www.msn.com/en-us/money/other/did-you-get-an-email-some-users-may-get-a-second-facebook-settlement-check/ar-AA24QO72"", ""source"": ""MSN""}]}",social_media_scanner_google_trends
obs-gt-us-turks-and-caicos-b77218e6-20260605180225,gt-us-turks-and-caicos-b77218e6,2026-06-05T18:02:25+07:00,,,,,,7,7,1000+,1000+,unknown,keyword trend: turks and caicos,"{""title"": ""turks and caicos"", ""geo"": ""US"", ""approx"": ""1000+"", ""pub_date"": ""Fri, 5 Jun 2026 03:30:00 -0700"", ""news"": [{""title"": ""Overcrowded migrant vessel with 240 people on board intercepted near Turks and Caicos"", ""url"": ""https://www.foxnews.com/us/overcrowded-migrant-vessel-240-people-board-intercepted-near-turks-caicos"", ""source"": ""Fox News""}, {""title"": ""Coast Guard, CBP AMO, partner agencies interdict 240 aliens near Turks and Caicos Islands"", ""url"": ""https://www.news.uscg.mil/Press-Releases/Article/4509058/coast-guard-cbp-amo-partner-agencies-interdict-240-aliens-near-turks-and-caicos/"", ""source"": ""United States Coast Guard News (.mil)""}, {""title"": ""WATCH: Overcrowded boat carrying 240 Haitian migrants interdicted near Turks and Caicos"", ""url"": ""https://cbs12.com/news/florida/coast-guard-partner-agencies-interdict-240-migrants-near-turks-and-caicos-islands-overloaded-boat-taking-on-water-marine-units-haitian-nationals-immigration-border-protection"", ""source"": ""WPEC""}]}",social_media_scanner_google_trends
obs-gt-us-matt-brown-cause-of-death-1e462251-20260605180225,gt-us-matt-brown-cause-of-death-1e462251,2026-06-05T18:02:25+07:00,,,,,,8,8,200+,200+,unknown,keyword trend: matt brown cause of death,"{""title"": ""matt brown cause of death"", ""geo"": ""US"", ""approx"": ""200+"", ""pub_date"": ""Fri, 5 Jun 2026 03:30:00 -0700"", ""news"": [{""title"": ""“Alaskan Bush People” star Matt Brown's official cause of death revealed"", ""url"": ""https://www.yahoo.com/entertainment/celebrity/articles/alaskan-bush-people-star-matt-231242503.html"", ""source"": ""Yahoo""}, {""title"": ""'Alaskan Bush People' star Matt Brown's cause of death revealed: report"", ""url"": ""https://www.foxnews.com/entertainment/alaskan-bush-people-star-matt-browns-cause-death-revealed-report"", ""source"": ""Fox News""}, {""title"": ""Family of Matt Brown from ‘Alaskan Bush People’ reflect on his life and death"", ""url"": ""https://www.alaskasnewssource.com/2026/06/02/family-matt-brown-alaskan-bush-people-reflect-his-life-death/"", ""source"": ""Alaska's News Source""}]}",social_media_scanner_google_trends
obs-gt-us-invisible-dormant-black-hole-science-04fa8aa1-20260605180225,gt-us-invisible-dormant-black-hole-science-04fa8aa1,2026-06-05T18:02:25+07:00,,,,,,9,9,100+,100+,unknown,keyword trend: invisible dormant black hole science,"{""title"": ""invisible dormant black hole science"", ""geo"": ""US"", ""approx"": ""100+"", ""pub_date"": ""Fri, 5 Jun 2026 03:30:00 -0700"", ""news"": [{""title"": ""A direct black-hole mass measurement in a little red dot at high redshift"", ""url"": ""https://www.nature.com/articles/s41586-026-10579-4"", ""source"": ""Nature""}, {""title"": ""James Webb telescope discovers most distant 'dormant' black hole in the universe, and it weighs as much as 6 billion suns"", ""url"": ""https://www.livescience.com/space/black-holes/james-webb-telescope-detects-most-distant-dormant-black-hole-in-the-universe-invisible-in-all-wavelengths-of-light"", ""source"": ""Live Science""}, {""title"": ""NASA’s Webb Reveals Black Hole That Formed Before Its Galaxy"", ""url"": ""https://science.nasa.gov/missions/webb/nasas-webb-reveals-black-hole-that-formed-before-its-galaxy/"", ""source"": ""NASA Science (.gov)""}]}",social_media_scanner_google_trends
obs-gt-us-wic-program-benefit-reduction-legislatio-3484612f-20260605180225,gt-us-wic-program-benefit-reduction-legislatio-3484612f,2026-06-05T18:02:25+07:00,,,,,,10,10,100+,100+,unknown,keyword trend: wic program benefit reduction legislation,"{""title"": ""wic program benefit reduction legislation"", ""geo"": ""US"", ""approx"": ""100+"", ""pub_date"": ""Fri, 5 Jun 2026 03:30:00 -0700"", ""news"": [{""title"": ""House passes agriculture and FDA appropriations bill"", ""url"": ""https://thehill.com/homenews/house/5910698-house-agriculture-fda-appropriations-bill/"", ""source"": ""The Hill""}, {""title"": ""Trump bails out his loyal supporters as economy tumbles: report"", ""url"": ""https://www.alternet.org/trump-farmers-economy-iran/"", ""source"": ""Alternet""}, {""title"": ""House, Senate set up FDA funding action"", ""url"": ""https://www.politico.com/newsletters/prescription-pulse/2026/06/02/house-senate-set-up-fda-funding-action-00944797"", ""source"": ""Politico""}]}",social_media_scanner_google_trends
obs-gt-th-ฮุน-เซน-a0e70e86-20260605180309,gt-th-ฮุน-เซน-a0e70e86,2026-06-05T18:03:09+07:00,,,,,,1,1,200+,200+,unknown,keyword trend: ฮุน เซน,"{""title"": ""ฮุน เซน"", ""geo"": ""TH"", ""approx"": ""200+"", ""pub_date"": ""Fri, 5 Jun 2026 03:40:00 -0700"", ""news"": [{""title"": ""นายกฯ มอบ 'สีหศักดิ์' ตัวแทนไทยเข้ากระบวนการ UNCLOS กร้าวปิดประตูคุย JBC-GBC"", ""url"": ""https://www.thaipost.net/hi-light/1008957/"", ""source"": ""Thaipost.net""}, {""title"": ""“อนุทิน” มอบ “สีหศักดิ์” คุย UNCLOS ไม่กังวลกัมพูชาช่วงชิงพื้นที่เวทีโลก"", ""url"": ""https://www.thairath.co.th/news/politic/2937624"", ""source"": ""Thairath.co.th""}, {""title"": ""ไทย-กัมพูชา เห็นต่างเจรจาประนอมภาคบังคับ?"", ""url"": ""https://www.thaipbs.or.th/program/khaoTieng/watch/2s19f845igel"", ""source"": ""Thai PBS""}]}",social_media_scanner_google_trends
obs-gt-th-ศาล-621a34f8-20260605180309,gt-th-ศาล-621a34f8,2026-06-05T18:03:09+07:00,,,,,,2,2,1000+,1000+,unknown,keyword trend: ศาล,"{""title"": ""ศาล"", ""geo"": ""TH"", ""approx"": ""1000+"", ""pub_date"": ""Fri, 5 Jun 2026 02:30:00 -0700"", ""news"": [{""title"": ""“ปกรณ์” ชี้ ศร.เรียกผู้เชี่ยวชาญให้ความเห็นปม พ.ร.ก.กู้เงินเป็นเรื่องปกติ"", ""url"": ""https://www.thaipbs.or.th/news/content/506716"", ""source"": ""Thai PBS""}, {""title"": ""“ธนกร” แนะวงเงินกู้ 2 แสนล้านสำหรับลงทุนด้านเปลี่ยนผ่านพลังงาน ต้องโปร่งใส คุ้มค่า"", ""url"": ""https://www.thairath.co.th/news/politic/2937459"", ""source"": ""Thairath.co.th""}, {""title"": ""อภิสิทธิ์ จี้ทบทวนใหม่ เงื่อนไขบัตรคนจน ตัดสิทธิพ่อแม่ ชี้ รัฐเข้มงวดผิดทาง"", ""url"": ""https://news.ch7.com/detail/877304"", ""source"": ""Ch7.com""}]}",social_media_scanner_google_trends
obs-gt-th-ราคาทอง-1-บาท-วันนี้-584ec118-20260605180309,gt-th-ราคาทอง-1-บาท-วันนี้-584ec118,2026-06-05T18:03:09+07:00,,,,,,3,3,5000+,5000+,unknown,keyword trend: ราคาทอง 1 บาท วันนี้,"{""title"": ""ราคาทอง 1 บาท วันนี้"", ""geo"": ""TH"", ""approx"": ""5000+"", ""pub_date"": ""Fri, 5 Jun 2026 00:30:00 -0700"", ""news"": [{""title"": ""ราคาทอง 1 บาทวันนี้ 5 มิถุนายน 2569 อัปเดตล่าสุด ทองคำแท่ง-ทองรูปพรรณ ขยับกี่บาท"", ""url"": ""https://www.thairath.co.th/news/society/2937521"", ""source"": ""Thairath.co.th""}, {""title"": ""บทวิเคราะห์ราคาทองคำประจำวันที่ 05 มิถุนายน 2569"", ""url"": ""https://www.intergold.co.th/investor_core/analyze-05-jun-2026/"", ""source"": ""InterGold""}, {""title"": ""ราคาทองเปิดตลาด ราคาทองปรับลง 250 ขายออกที่บาทละ 68,850 บาท"", ""url"": ""https://news.ch7.com/detail/877229"", ""source"": ""Ch7.com""}]}",social_media_scanner_google_trends
obs-gt-th-การเมือง-9c2c1b5f-20260605180309,gt-th-การเมือง-9c2c1b5f,2026-06-05T18:03:09+07:00,,,,,,4,4,5000+,5000+,unknown,keyword trend: การเมือง,"{""title"": ""การเมือง"", ""geo"": ""TH"", ""approx"": ""5000+"", ""pub_date"": ""Thu, 4 Jun 2026 21:20:00 -0700"", ""news"": [{""title"": ""ปลัด ยธ.คาดกระบวนการปล่อยตัว \""ทักษิณ\"" เสร็จสิ้น มิ.ย.นี้"", ""url"": ""https://www.thaipbs.or.th/news/content/506733"", ""source"": ""Thai PBS""}, {""title"": ""กระบวนการปล่อยตัว “ทักษิณ” เสร็จสิ้น มิ.ย.นี้ มีผู้ได้รับพระราชทานอภัยโทษ 1 หมื่นคน"", ""url"": ""https://www.thairath.co.th/news/politic/2937638"", ""source"": ""Thairath.co.th""}, {""title"": ""นายกฯ ชี้ \""แม้ว\"" พ้นโทษไม่ต้องกังวลมีอิทธิพลเหนือรบ. เชื่อวางมือการเมืองจริง ไร้ปัญหาถอนร่างพท.แก้รธน."", ""url"": ""https://mgronline.com/politics/detail/9690000053279"", ""source"": ""ผู้จัดการออนไลน์""}]}",social_media_scanner_google_trends
obs-gt-th-scratch-ffdf8c66-20260605180309,gt-th-scratch-ffdf8c66,2026-06-05T18:03:09+07:00,,,,,,5,5,1000+,1000+,unknown,keyword trend: scratch,"{""title"": ""scratch"", ""geo"": ""TH"", ""approx"": ""1000+"", ""pub_date"": ""Thu, 4 Jun 2026 20:20:00 -0700"", ""news"": [{""title"": ""Hoosier Lottery pulls Space Invaders scratch-off over ‘technical issue’"", ""url"": ""https://fox59.com/indiana-news/hoosier-lottery-pulls-space-invaders-scratch-off-over-technical-issue/"", ""source"": ""Fox 59""}, {""title"": ""Scratch-off players thought they won big. There was a 'technical issue'"", ""url"": ""https://www.usatoday.com/story/money/lottery/2026/06/03/hoosier-lottery-space-invaders-scratch-off-prize-confusion/90388215007/"", ""source"": ""USA Today""}, {""title"": ""Hoosier Lottery pauses Space Invaders Scratch-off due to 'technical issues'"", ""url"": ""https://wsbt.com/news/local/hoosier-lottery-pauses-space-invaders-scratch-off-technical-issue-winner-ticket-scan-issue-complaint-indiana"", ""source"": ""WSBT""}]}",social_media_scanner_google_trends
obs-gt-th-เม็กซิโก-พบ-เซอร์เบีย-f215860c-20260605180309,gt-th-เม็กซิโก-พบ-เซอร์เบีย-f215860c,2026-06-05T18:03:09+07:00,,,,,,6,6,500+,500+,unknown,keyword trend: เม็กซิโก พบ เซอร์เบีย,"{""title"": ""เม็กซิโก พบ เซอร์เบีย"", ""geo"": ""TH"", ""approx"": ""500+"", ""pub_date"": ""Thu, 4 Jun 2026 18:50:00 -0700"", ""news"": [{""title"": ""Mexico earn dominant 5-1 victory in World Cup sendoff match"", ""url"": ""https://www.espn.com/soccer/story/_/id/48971934/mexico-earn-dominant-5-1-victory-world-cup-sendoff-match"", ""source"": ""ESPN""}, {""title"": ""Mexico vs Serbia: Friendlies stats & head-to-head"", ""url"": ""https://www.bbc.com/sport/football/live/cx21z2l1213t"", ""source"": ""BBC""}, {""title"": ""How to watch today's Mexico vs Serbia Friendly game for FREE: Live stream, TV channel, and start time"", ""url"": ""https://www.goal.com/en-us/news/live-stream-online-tv-where-to-watch-mexico-v-serbia/blt6984146bda3f83de"", ""source"": ""Goal.com""}]}",social_media_scanner_google_trends
obs-gt-th-บางจาก-คอร์ปอเรชั่น-aa76bca3-20260605180309,gt-th-บางจาก-คอร์ปอเรชั่น-aa76bca3,2026-06-05T18:03:09+07:00,,,,,,7,7,100+,100+,unknown,keyword trend: บางจาก คอร์ปอเรชั่น,"{""title"": ""บางจาก คอร์ปอเรชั่น"", ""geo"": ""TH"", ""approx"": ""100+"", ""pub_date"": ""Thu, 4 Jun 2026 16:10:00 -0700"", ""news"": [{""title"": ""กลุ่มบริษัทบางจาก ร่วมขับเคลื่อน โครงการแสงนำใจไทยทั้งชาติ เดิน วิ่ง ปั่น ป้องกันอัมพาต ครั้งที่ 12 เฉลิมพระเกียรติ"", ""url"": ""https://www.newswit.com/th/ies01wrge2o3hfqjw0i7lnrsvag2kjx3"", ""source"": ""newswit""}, {""title"": ""กลุ่มบริษัทบางจาก ร่วมขับเคลื่อน โครงการแสงนำใจไทยทั้งชาติ เดิน วิ่ง ปั่น ป้องกันอัมพาต ครั้งที่ 12 เฉลิมพระเกียรติ"", ""url"": ""https://www.thaipr.net/general/3727715"", ""source"": ""ThaiPR.NET""}, {""title"": ""อัปเดตราคาน้ำมันล่าสุด 5 มิ.ย. สำรวจราคาเบนซิน-ดีเซล | The Better"", ""url"": ""https://today.line.me/th/v3/article/VxKZ5RR"", ""source"": ""LINE TODAY""}]}",social_media_scanner_google_trends
obs-gt-th-สภาพอากาศวันนี้-24bb778a-20260605180309,gt-th-สภาพอากาศวันนี้-24bb778a,2026-06-05T18:03:09+07:00,,,,,,8,8,200+,200+,unknown,keyword trend: สภาพอากาศวันนี้,"{""title"": ""สภาพอากาศวันนี้"", ""geo"": ""TH"", ""approx"": ""200+"", ""pub_date"": ""Thu, 4 Jun 2026 16:00:00 -0700"", ""news"": [{""title"": ""มรสุมพาดผ่านฝนตกหนักถึงหนักมากบางพื้นที่ ร้อยละ 70 | The Better"", ""url"": ""https://today.line.me/th/v3/article/x2W1YB8"", ""source"": ""LINE TODAY""}, {""title"": ""พบกลุ่มฝนเล็กน้อยถึงปานกลางที่ จ.ปทุมธานี"", ""url"": ""https://mgronline.com/uptodate/detail/9690000052703"", ""source"": ""ผู้จัดการออนไลน์""}, {""title"": ""พายุฝนถล่มเชียงใหม่ ลมกระโชกซัดเสาไฟ ต้นไม้โค่นทับบ้านเรือน รถพังเสียหายยับ!"", ""url"": ""https://www.dailynews.co.th/news/5916910/"", ""source"": ""เดลินิวส์""}]}",social_media_scanner_google_trends
obs-gt-th-lpga-3752fbe7-20260605180309,gt-th-lpga-3752fbe7,2026-06-05T18:03:09+07:00,,,,,,9,9,200+,200+,unknown,keyword trend: lpga,"{""title"": ""lpga"", ""geo"": ""TH"", ""approx"": ""200+"", ""pub_date"": ""Thu, 4 Jun 2026 15:40:00 -0700"", ""news"": [{""title"": ""สรุปผลกอล์ฟ LPGA: โปรแพตตี้ ปภังกร รั้งที่ 8 ร่วม \""จีโน่\""+2 เปิดฉากยูเอส วีเมนส์ โอเพ่น"", ""url"": ""https://www.siamsport.co.th/other-sports/golf/104711/"", ""source"": ""Siamsport""}, {""title"": ""\""โปรแพตตี\"" รั้งที่ 8 สวิงเมเจอร์-\""โปรจีโน่\"" เครื่องยังไม่ร้อน"", ""url"": ""https://www.dailynews.co.th/news/5920174/"", ""source"": ""เดลินิวส์""}, {""title"": ""แพ็ตตี้ประเดิมลบ 2 ที่ 7 ร่วม รอบแรก เมเจอร์ ยูเอส วีเมนส์ โอเพ่น"", ""url"": ""https://www.matichon.co.th/sport/golf/news_5748220"", ""source"": ""Matichon Online""}]}",social_media_scanner_google_trends
obs-gt-th-หวยพัฒนา-85ee42cc-20260605180309,gt-th-หวยพัฒนา-85ee42cc,2026-06-05T18:03:09+07:00,,,,,,10,10,1000+,1000+,unknown,keyword trend: หวยพัฒนา,"{""title"": ""หวยพัฒนา"", ""geo"": ""TH"", ""approx"": ""1000+"", ""pub_date"": ""Thu, 4 Jun 2026 15:00:00 -0700"", ""news"": [{""title"": ""หวยลาววันนี้ 5 มิถุนายน 2569 ผลหวยลาววันนี้ ตรวจผลหวยลาวพัฒนา"", ""url"": ""https://www.sanook.com/news/9892694/"", ""source"": ""Sanook""}, {""title"": ""หวยลาววันนี้ งวดประจำวันที่ 5 มิถุนายน 2569 ผลหวยพัฒนา ตรวจรางวัล ล่าสุด หวยลาว ออกอะไร | Khaosod"", ""url"": ""https://today.line.me/th/v3/article/609GYwj"", ""source"": ""LINE TODAY""}, {""title"": ""สถิติหวยลาววันพฤหัสบดี 04/06/69 หวยลาววันนี้ งวด 4 มิถุนายน 2569"", ""url"": ""https://www.komchadluek.net/lottery/lottery-statistics/617996"", ""source"": ""komchadluek""}]}",social_media_scanner_google_trends
obs-gt-us-melanie-hyer-doral-5dc14684-20260605180309,gt-us-melanie-hyer-doral-5dc14684,2026-06-05T18:03:09+07:00,,,,,,1,1,200+,200+,unknown,keyword trend: melanie hyer doral,"{""title"": ""melanie hyer doral"", ""geo"": ""US"", ""approx"": ""200+"", ""pub_date"": ""Fri, 5 Jun 2026 03:50:00 -0700"", ""news"": [{""title"": ""Father killed daughters and prominent realtor before killing himself, officials say"", ""url"": ""https://www.nbcmiami.com/news/local/doral-isles-murder-suicide-family/3817093/"", ""source"": ""NBC 6 South Florida""}, {""title"": ""Fla. Realtor and Two Daughters Killed by Her Ex-Husband in Apparent Murder-Suicide"", ""url"": ""https://people.com/realtor-ex-daughters-dead-in-apparent-murder-suicide-11990860"", ""source"": ""People.com""}, {""title"": ""Florida dad killed daughters and prominent realtor before killing himself, officials confirm"", ""url"": ""https://nypost.com/2026/06/05/us-news/flordia-father-ryan-charles-whiten-murdered-daughters-and-prominent-realtor-before-killing-himself-officials-confirm/"", ""source"": ""New York Post""}]}",social_media_scanner_google_trends
obs-gt-us-england-vs-new-zealand-b972350b-20260605180309,gt-us-england-vs-new-zealand-b972350b,2026-06-05T18:03:09+07:00,,,,,,2,2,200+,200+,unknown,keyword trend: england vs new zealand,"{""title"": ""england vs new zealand"", ""geo"": ""US"", ""approx"": ""200+"", ""pub_date"": ""Fri, 5 Jun 2026 03:50:00 -0700"", ""news"": [{""title"": ""England vs New Zealand: Ollie Robinson's road to redemption has perfect start at Lord's"", ""url"": ""https://www.bbc.com/sport/cricket/articles/cevpvx108l9o"", ""source"": ""BBC""}, {""title"": ""England v New Zealand: first men’s cricket Test, day two – live"", ""url"": ""https://www.theguardian.com/sport/live/2026/jun/05/england-v-new-zealand-first-mens-cricket-test-day-two-live"", ""source"": ""The Guardian""}, {""title"": ""Score summary - England vs New Zealand, first Test, Lord's"", ""url"": ""https://www.skysports.com/cricket/news/12040/13550856/england-vs-new-zealand-ollie-robinson-bags-three-wickets-in-over-as-test-summer-begins-in-breathless-fashion-at-lords"", ""source"": ""Sky Sports""}]}",social_media_scanner_google_trends
obs-gt-us-taylah-preston-bdfc6139-20260605180309,gt-us-taylah-preston-bdfc6139,2026-06-05T18:03:09+07:00,,,,,,3,3,100+,100+,unknown,keyword trend: taylah preston,"{""title"": ""taylah preston"", ""geo"": ""US"", ""approx"": ""100+"", ""pub_date"": ""Fri, 5 Jun 2026 03:50:00 -0700"", ""news"": [{""title"": ""Taylah Preston vs Ashlyn Krueger Prediction & Picks - WTA 125K Birmingham, Great Britain Women Singles"", ""url"": ""https://www.sportytrader.com/us/picks/taylah-preston-ashlyn-krueger-353188/"", ""source"": ""SportyTrader""}]}",social_media_scanner_google_trends
obs-gt-us-sharon-stone-ex-husband-43e23940-20260605180309,gt-us-sharon-stone-ex-husband-43e23940,2026-06-05T18:03:09+07:00,,,,,,4,4,100+,100+,unknown,keyword trend: sharon stone ex husband,"{""title"": ""sharon stone ex husband"", ""geo"": ""US"", ""approx"": ""100+"", ""pub_date"": ""Fri, 5 Jun 2026 03:40:00 -0700"", ""news"": [{""title"": ""Sharon Stone says marriage ended when husband walked out over her decision to get a mastectomy"", ""url"": ""https://www.yahoo.com/entertainment/celebrity/articles/sharon-stone-says-marriage-ended-165956982.html"", ""source"": ""Yahoo""}, {""title"": ""Sharon Stone's Husband Stormed Out Over Her Mastectomy Decision, And Women Everywhere Share Her Pain"", ""url"": ""https://www.buzzfeed.com/leylamohammed/sharon-stone-husband-reaction-mastectomy-sparks-discourse"", ""source"": ""BuzzFeed""}, {""title"": ""Sharon Stone Reveals That She Was Misdiagnosed With Breast Cancer and Got Unnecessary Surgery"", ""url"": ""https://www.instyle.com/sharon-stone-recalls-cancer-misdiagnosis-that-led-to-unnecessary-surgery-11990594"", ""source"": ""InStyle""}]}",social_media_scanner_google_trends
obs-gt-us-peco-280bb3fd-20260605180309,gt-us-peco-280bb3fd,2026-06-05T18:03:09+07:00,,,,,,5,5,100+,100+,unknown,keyword trend: peco,"{""title"": ""peco"", ""geo"": ""US"", ""approx"": ""100+"", ""pub_date"": ""Fri, 5 Jun 2026 03:40:00 -0700"", ""news"": [{""title"": ""Residents, businesses voice concern as energy costs spike throughout Pennsylvania"", ""url"": ""https://www.wtae.com/article/energy-costs-spike-pennsylvania/71463180"", ""source"": ""WTAE""}, {""title"": ""Electric rates expected to change across PA"", ""url"": ""https://www.aol.com/news/electric-rates-expected-change-across-005325048.html"", ""source"": ""AOL.com""}, {""title"": ""Williams, Topper, House Republicans Push Ratepayer Protection Plan as Electricity Prices Climb"", ""url"": ""https://fcfreepresspa.com/williams-topper-house-republicans-push-ratepayer-protection-plan-as-electricity-prices-climb/"", ""source"": ""Franklin County Free Press""}]}",social_media_scanner_google_trends
obs-gt-us-facebook-user-privacy-settlement-08e94a7a-20260605180309,gt-us-facebook-user-privacy-settlement-08e94a7a,2026-06-05T18:03:09+07:00,,,,,,6,6,500+,500+,unknown,keyword trend: facebook user privacy settlement,"{""title"": ""facebook user privacy settlement"", ""geo"": ""US"", ""approx"": ""500+"", ""pub_date"": ""Fri, 5 Jun 2026 03:30:00 -0700"", ""news"": [{""title"": ""Bonus payments announced in $725M Facebook privacy settlement. Here’s how much you’ll get"", ""url"": ""https://thehill.com/policy/technology/5909872-bonus-payments-announced-in-725m-facebook-privacy-settlement-heres-how-much-youll-get/"", ""source"": ""The Hill""}, {""title"": ""Second Facebook privacy settlement checks start June 9 — Facebook User Privacy Settlement"", ""url"": ""https://twaslnews1.twaslnews.com/1985307/"", ""source"": ""شبكة تواصل الإخبارية""}, {""title"": ""Did you get an email? Some users may get a second Facebook settlement check"", ""url"": ""https://www.msn.com/en-us/money/other/did-you-get-an-email-some-users-may-get-a-second-facebook-settlement-check/ar-AA24QO72"", ""source"": ""MSN""}]}",social_media_scanner_google_trends
obs-gt-us-turks-and-caicos-b77218e6-20260605180309,gt-us-turks-and-caicos-b77218e6,2026-06-05T18:03:09+07:00,,,,,,7,7,1000+,1000+,unknown,keyword trend: turks and caicos,"{""title"": ""turks and caicos"", ""geo"": ""US"", ""approx"": ""1000+"", ""pub_date"": ""Fri, 5 Jun 2026 03:30:00 -0700"", ""news"": [{""title"": ""Overcrowded migrant vessel with 240 people on board intercepted near Turks and Caicos"", ""url"": ""https://www.foxnews.com/us/overcrowded-migrant-vessel-240-people-board-intercepted-near-turks-caicos"", ""source"": ""Fox News""}, {""title"": ""Coast Guard, CBP AMO, partner agencies interdict 240 aliens near Turks and Caicos Islands"", ""url"": ""https://www.news.uscg.mil/Press-Releases/Article/4509058/coast-guard-cbp-amo-partner-agencies-interdict-240-aliens-near-turks-and-caicos/"", ""source"": ""United States Coast Guard News (.mil)""}, {""title"": ""WATCH: Overcrowded boat carrying 240 Haitian migrants interdicted near Turks and Caicos"", ""url"": ""https://cbs12.com/news/florida/coast-guard-partner-agencies-interdict-240-migrants-near-turks-and-caicos-islands-overloaded-boat-taking-on-water-marine-units-haitian-nationals-immigration-border-protection"", ""source"": ""WPEC""}]}",social_media_scanner_google_trends
obs-gt-us-matt-brown-cause-of-death-1e462251-20260605180309,gt-us-matt-brown-cause-of-death-1e462251,2026-06-05T18:03:09+07:00,,,,,,8,8,200+,200+,unknown,keyword trend: matt brown cause of death,"{""title"": ""matt brown cause of death"", ""geo"": ""US"", ""approx"": ""200+"", ""pub_date"": ""Fri, 5 Jun 2026 03:30:00 -0700"", ""news"": [{""title"": ""“Alaskan Bush People” star Matt Brown's official cause of death revealed"", ""url"": ""https://www.yahoo.com/entertainment/celebrity/articles/alaskan-bush-people-star-matt-231242503.html"", ""source"": ""Yahoo""}, {""title"": ""'Alaskan Bush People' star Matt Brown's cause of death revealed: report"", ""url"": ""https://www.foxnews.com/entertainment/alaskan-bush-people-star-matt-browns-cause-death-revealed-report"", ""source"": ""Fox News""}, {""title"": ""Family of Matt Brown from ‘Alaskan Bush People’ reflect on his life and death"", ""url"": ""https://www.alaskasnewssource.com/2026/06/02/family-matt-brown-alaskan-bush-people-reflect-his-life-death/"", ""source"": ""Alaska's News Source""}]}",social_media_scanner_google_trends
obs-gt-us-invisible-dormant-black-hole-science-04fa8aa1-20260605180309,gt-us-invisible-dormant-black-hole-science-04fa8aa1,2026-06-05T18:03:09+07:00,,,,,,9,9,100+,100+,unknown,keyword trend: invisible dormant black hole science,"{""title"": ""invisible dormant black hole science"", ""geo"": ""US"", ""approx"": ""100+"", ""pub_date"": ""Fri, 5 Jun 2026 03:30:00 -0700"", ""news"": [{""title"": ""A direct black-hole mass measurement in a little red dot at high redshift"", ""url"": ""https://www.nature.com/articles/s41586-026-10579-4"", ""source"": ""Nature""}, {""title"": ""James Webb telescope discovers most distant 'dormant' black hole in the universe, and it weighs as much as 6 billion suns"", ""url"": ""https://www.livescience.com/space/black-holes/james-webb-telescope-detects-most-distant-dormant-black-hole-in-the-universe-invisible-in-all-wavelengths-of-light"", ""source"": ""Live Science""}, {""title"": ""NASA’s Webb Reveals Black Hole That Formed Before Its Galaxy"", ""url"": ""https://science.nasa.gov/missions/webb/nasas-webb-reveals-black-hole-that-formed-before-its-galaxy/"", ""source"": ""NASA Science (.gov)""}]}",social_media_scanner_google_trends
obs-gt-us-wic-program-benefit-reduction-legislatio-3484612f-20260605180309,gt-us-wic-program-benefit-reduction-legislatio-3484612f,2026-06-05T18:03:09+07:00,,,,,,10,10,100+,100+,unknown,keyword trend: wic program benefit reduction legislation,"{""title"": ""wic program benefit reduction legislation"", ""geo"": ""US"", ""approx"": ""100+"", ""pub_date"": ""Fri, 5 Jun 2026 03:30:00 -0700"", ""news"": [{""title"": ""House passes agriculture and FDA appropriations bill"", ""url"": ""https://thehill.com/homenews/house/5910698-house-agriculture-fda-appropriations-bill/"", ""source"": ""The Hill""}, {""title"": ""Trump bails out his loyal supporters as economy tumbles: report"", ""url"": ""https://www.alternet.org/trump-farmers-economy-iran/"", ""source"": ""Alternet""}, {""title"": ""House, Senate set up FDA funding action"", ""url"": ""https://www.politico.com/newsletters/prescription-pulse/2026/06/02/house-senate-set-up-fda-funding-action-00944797"", ""source"": ""Politico""}]}",social_media_scanner_google_trends
obs-gt-th-ฮุน-เซน-a0e70e86-20260605180507,gt-th-ฮุน-เซน-a0e70e86,2026-06-05T18:05:07+07:00,,,,,,1,1,200+,200+,unknown,keyword trend: ฮุน เซน,"{""title"": ""ฮุน เซน"", ""geo"": ""TH"", ""approx"": ""200+"", ""pub_date"": ""Fri, 5 Jun 2026 03:40:00 -0700"", ""news"": [{""title"": ""นายกฯ มอบ 'สีหศักดิ์' ตัวแทนไทยเข้ากระบวนการ UNCLOS กร้าวปิดประตูคุย JBC-GBC"", ""url"": ""https://www.thaipost.net/hi-light/1008957/"", ""source"": ""Thaipost.net""}, {""title"": ""“อนุทิน” มอบ “สีหศักดิ์” คุย UNCLOS ไม่กังวลกัมพูชาช่วงชิงพื้นที่เวทีโลก"", ""url"": ""https://www.thairath.co.th/news/politic/2937624"", ""source"": ""Thairath.co.th""}, {""title"": ""ไทย-กัมพูชา เห็นต่างเจรจาประนอมภาคบังคับ?"", ""url"": ""https://www.thaipbs.or.th/program/khaoTieng/watch/2s19f845igel"", ""source"": ""Thai PBS""}]}",social_media_scanner_google_trends
obs-gt-th-ศาล-621a34f8-20260605180507,gt-th-ศาล-621a34f8,2026-06-05T18:05:07+07:00,,,,,,2,2,1000+,1000+,unknown,keyword trend: ศาล,"{""title"": ""ศาล"", ""geo"": ""TH"", ""approx"": ""1000+"", ""pub_date"": ""Fri, 5 Jun 2026 02:30:00 -0700"", ""news"": [{""title"": ""“ปกรณ์” ชี้ ศร.เรียกผู้เชี่ยวชาญให้ความเห็นปม พ.ร.ก.กู้เงินเป็นเรื่องปกติ"", ""url"": ""https://www.thaipbs.or.th/news/content/506716"", ""source"": ""Thai PBS""}, {""title"": ""“ธนกร” แนะวงเงินกู้ 2 แสนล้านสำหรับลงทุนด้านเปลี่ยนผ่านพลังงาน ต้องโปร่งใส คุ้มค่า"", ""url"": ""https://www.thairath.co.th/news/politic/2937459"", ""source"": ""Thairath.co.th""}, {""title"": ""อภิสิทธิ์ จี้ทบทวนใหม่ เงื่อนไขบัตรคนจน ตัดสิทธิพ่อแม่ ชี้ รัฐเข้มงวดผิดทาง"", ""url"": ""https://news.ch7.com/detail/877304"", ""source"": ""Ch7.com""}]}",social_media_scanner_google_trends
obs-gt-th-ราคาทอง-1-บาท-วันนี้-584ec118-20260605180507,gt-th-ราคาทอง-1-บาท-วันนี้-584ec118,2026-06-05T18:05:07+07:00,,,,,,3,3,5000+,5000+,unknown,keyword trend: ราคาทอง 1 บาท วันนี้,"{""title"": ""ราคาทอง 1 บาท วันนี้"", ""geo"": ""TH"", ""approx"": ""5000+"", ""pub_date"": ""Fri, 5 Jun 2026 00:30:00 -0700"", ""news"": [{""title"": ""ราคาทอง 1 บาทวันนี้ 5 มิถุนายน 2569 อัปเดตล่าสุด ทองคำแท่ง-ทองรูปพรรณ ขยับกี่บาท"", ""url"": ""https://www.thairath.co.th/news/society/2937521"", ""source"": ""Thairath.co.th""}, {""title"": ""ทองคำปิดตลาดขยับขึ้น 100 บาท ลุ้นผลเจรจาตะวันออกกลาง-ข้อมูลแรงงานสหรัฐฯ | การเงินธนาคาร"", ""url"": ""https://today.line.me/th/v3/article/7N1MV8P"", ""source"": ""LINE TODAY""}, {""title"": ""ราคาทองเปิดตลาด ราคาทองปรับลง 250 ขายออกที่บาทละ 68,850 บาท"", ""url"": ""https://news.ch7.com/detail/877229"", ""source"": ""Ch7.com""}]}",social_media_scanner_google_trends
obs-gt-th-การเมือง-9c2c1b5f-20260605180507,gt-th-การเมือง-9c2c1b5f,2026-06-05T18:05:07+07:00,,,,,,4,4,5000+,5000+,unknown,keyword trend: การเมือง,"{""title"": ""การเมือง"", ""geo"": ""TH"", ""approx"": ""5000+"", ""pub_date"": ""Thu, 4 Jun 2026 21:20:00 -0700"", ""news"": [{""title"": ""ปลัด ยธ.คาดกระบวนการปล่อยตัว \""ทักษิณ\"" เสร็จสิ้น มิ.ย.นี้"", ""url"": ""https://www.thaipbs.or.th/news/content/506733"", ""source"": ""Thai PBS""}, {""title"": ""กระบวนการปล่อยตัว “ทักษิณ” เสร็จสิ้น มิ.ย.นี้ มีผู้ได้รับพระราชทานอภัยโทษ 1 หมื่นคน"", ""url"": ""https://www.thairath.co.th/news/politic/2937638"", ""source"": ""Thairath.co.th""}, {""title"": ""นายกฯ ชี้ \""แม้ว\"" พ้นโทษไม่ต้องกังวลมีอิทธิพลเหนือรบ. เชื่อวางมือการเมืองจริง ไร้ปัญหาถอนร่างพท.แก้รธน."", ""url"": ""https://mgronline.com/politics/detail/9690000053279"", ""source"": ""ผู้จัดการออนไลน์""}]}",social_media_scanner_google_trends
obs-gt-th-scratch-ffdf8c66-20260605180507,gt-th-scratch-ffdf8c66,2026-06-05T18:05:07+07:00,,,,,,5,5,1000+,1000+,unknown,keyword trend: scratch,"{""title"": ""scratch"", ""geo"": ""TH"", ""approx"": ""1000+"", ""pub_date"": ""Thu, 4 Jun 2026 20:20:00 -0700"", ""news"": [{""title"": ""Hoosier Lottery pulls Space Invaders scratch-off over ‘technical issue’"", ""url"": ""https://fox59.com/indiana-news/hoosier-lottery-pulls-space-invaders-scratch-off-over-technical-issue/"", ""source"": ""Fox 59""}, {""title"": ""Scratch-off players thought they won big. There was a 'technical issue'"", ""url"": ""https://www.usatoday.com/story/money/lottery/2026/06/03/hoosier-lottery-space-invaders-scratch-off-prize-confusion/90388215007/"", ""source"": ""USA Today""}, {""title"": ""Hoosier Lottery pauses Space Invaders Scratch-off due to 'technical issues'"", ""url"": ""https://wsbt.com/news/local/hoosier-lottery-pauses-space-invaders-scratch-off-technical-issue-winner-ticket-scan-issue-complaint-indiana"", ""source"": ""WSBT""}]}",social_media_scanner_google_trends
obs-gt-th-เม็กซิโก-พบ-เซอร์เบีย-f215860c-20260605180507,gt-th-เม็กซิโก-พบ-เซอร์เบีย-f215860c,2026-06-05T18:05:07+07:00,,,,,,6,6,500+,500+,unknown,keyword trend: เม็กซิโก พบ เซอร์เบีย,"{""title"": ""เม็กซิโก พบ เซอร์เบีย"", ""geo"": ""TH"", ""approx"": ""500+"", ""pub_date"": ""Thu, 4 Jun 2026 18:50:00 -0700"", ""news"": [{""title"": ""Mexico earn dominant 5-1 victory in World Cup sendoff match"", ""url"": ""https://www.espn.com/soccer/story/_/id/48971934/mexico-earn-dominant-5-1-victory-world-cup-sendoff-match"", ""source"": ""ESPN""}, {""title"": ""Mexico vs Serbia: Friendlies stats & head-to-head"", ""url"": ""https://www.bbc.com/sport/football/live/cx21z2l1213t"", ""source"": ""BBC""}, {""title"": ""How to watch today's Mexico vs Serbia Friendly game for FREE: Live stream, TV channel, and start time"", ""url"": ""https://www.goal.com/en-us/news/live-stream-online-tv-where-to-watch-mexico-v-serbia/blt6984146bda3f83de"", ""source"": ""Goal.com""}]}",social_media_scanner_google_trends
obs-gt-th-บางจาก-คอร์ปอเรชั่น-aa76bca3-20260605180507,gt-th-บางจาก-คอร์ปอเรชั่น-aa76bca3,2026-06-05T18:05:07+07:00,,,,,,7,7,100+,100+,unknown,keyword trend: บางจาก คอร์ปอเรชั่น,"{""title"": ""บางจาก คอร์ปอเรชั่น"", ""geo"": ""TH"", ""approx"": ""100+"", ""pub_date"": ""Thu, 4 Jun 2026 16:10:00 -0700"", ""news"": [{""title"": ""กลุ่มบริษัทบางจาก ร่วมขับเคลื่อน โครงการแสงนำใจไทยทั้งชาติ เดิน วิ่ง ปั่น ป้องกันอัมพาต ครั้งที่ 12 เฉลิมพระเกียรติ"", ""url"": ""https://www.newswit.com/th/ies01wrge2o3hfqjw0i7lnrsvag2kjx3"", ""source"": ""newswit""}, {""title"": ""กลุ่มบริษัทบางจาก ร่วมขับเคลื่อน โครงการแสงนำใจไทยทั้งชาติ เดิน วิ่ง ปั่น ป้องกันอัมพาต ครั้งที่ 12 เฉลิมพระเกียรติ"", ""url"": ""https://www.thaipr.net/general/3727715"", ""source"": ""ThaiPR.NET""}, {""title"": ""อัปเดตราคาน้ำมันล่าสุด 5 มิ.ย. สำรวจราคาเบนซิน-ดีเซล | The Better"", ""url"": ""https://today.line.me/th/v3/article/VxKZ5RR"", ""source"": ""LINE TODAY""}]}",social_media_scanner_google_trends
obs-gt-th-สภาพอากาศวันนี้-24bb778a-20260605180507,gt-th-สภาพอากาศวันนี้-24bb778a,2026-06-05T18:05:07+07:00,,,,,,8,8,200+,200+,unknown,keyword trend: สภาพอากาศวันนี้,"{""title"": ""สภาพอากาศวันนี้"", ""geo"": ""TH"", ""approx"": ""200+"", ""pub_date"": ""Thu, 4 Jun 2026 16:00:00 -0700"", ""news"": [{""title"": ""หาดใหญ่ | หาดใหญ่เช้านี้ 24 องศา กรมอุตุฯ เตือนยังคงมีฝนฟ้าคะนองครอบคลุม ร้อยละ 60 % ของบางพื้นที่"", ""url"": ""https://www.hatyaifocus.com/news-detail/31039/"", ""source"": ""HATYAI FOCUS""}, {""title"": ""มรสุมพาดผ่านฝนตกหนักถึงหนักมากบางพื้นที่ ร้อยละ 70 | The Better"", ""url"": ""https://today.line.me/th/v3/article/x2W1YB8"", ""source"": ""LINE TODAY""}, {""title"": ""พบกลุ่มฝนเล็กน้อยถึงปานกลางที่ จ.ปทุมธานี"", ""url"": ""https://mgronline.com/uptodate/detail/9690000052703"", ""source"": ""ผู้จัดการออนไลน์""}]}",social_media_scanner_google_trends
obs-gt-th-lpga-3752fbe7-20260605180507,gt-th-lpga-3752fbe7,2026-06-05T18:05:07+07:00,,,,,,9,9,200+,200+,unknown,keyword trend: lpga,"{""title"": ""lpga"", ""geo"": ""TH"", ""approx"": ""200+"", ""pub_date"": ""Thu, 4 Jun 2026 15:40:00 -0700"", ""news"": [{""title"": ""Nobody Does Wear Marks Like LPGA Tour Players"", ""url"": ""https://sports.yahoo.com/articles/nobody-does-wear-marks-lpga-154752074.html"", ""source"": ""Yahoo Sports""}, {""title"": ""สรุปผลกอล์ฟ LPGA: โปรแพตตี้ ปภังกร รั้งที่ 8 ร่วม \""จีโน่\""+2 เปิดฉากยูเอส วีเมนส์ โอเพ่น"", ""url"": ""https://www.siamsport.co.th/other-sports/golf/104711/"", ""source"": ""Siamsport""}, {""title"": ""\""โปรแพตตี\"" รั้งที่ 8 สวิงเมเจอร์-\""โปรจีโน่\"" เครื่องยังไม่ร้อน"", ""url"": ""https://www.dailynews.co.th/news/5920174/"", ""source"": ""เดลินิวส์""}]}",social_media_scanner_google_trends
obs-gt-th-หวยพัฒนา-85ee42cc-20260605180507,gt-th-หวยพัฒนา-85ee42cc,2026-06-05T18:05:07+07:00,,,,,,10,10,1000+,1000+,unknown,keyword trend: หวยพัฒนา,"{""title"": ""หวยพัฒนา"", ""geo"": ""TH"", ""approx"": ""1000+"", ""pub_date"": ""Thu, 4 Jun 2026 15:00:00 -0700"", ""news"": [{""title"": ""หวยลาววันนี้ 5 มิถุนายน 2569 ผลหวยลาววันนี้ ตรวจผลหวยลาวพัฒนา"", ""url"": ""https://www.sanook.com/news/9892694/"", ""source"": ""Sanook""}, {""title"": ""หวยลาววันนี้ งวดประจำวันที่ 5 มิถุนายน 2569 ผลหวยพัฒนา ตรวจรางวัล ล่าสุด หวยลาว ออกอะไร | Khaosod"", ""url"": ""https://today.line.me/th/v3/article/609GYwj"", ""source"": ""LINE TODAY""}, {""title"": ""สถิติหวยลาววันพฤหัสบดี 04/06/69 หวยลาววันนี้ งวด 4 มิถุนายน 2569"", ""url"": ""https://www.komchadluek.net/lottery/lottery-statistics/617996"", ""source"": ""komchadluek""}]}",social_media_scanner_google_trends
obs-gt-us-melanie-hyer-doral-5dc14684-20260605180507,gt-us-melanie-hyer-doral-5dc14684,2026-06-05T18:05:07+07:00,,,,,,1,1,200+,200+,unknown,keyword trend: melanie hyer doral,"{""title"": ""melanie hyer doral"", ""geo"": ""US"", ""approx"": ""200+"", ""pub_date"": ""Fri, 5 Jun 2026 03:50:00 -0700"", ""news"": [{""title"": ""Father killed daughters and prominent realtor before killing himself, officials say"", ""url"": ""https://www.nbcmiami.com/news/local/doral-isles-murder-suicide-family/3817093/"", ""source"": ""NBC 6 South Florida""}, {""title"": ""Fla. Realtor and Two Daughters Killed by Her Ex-Husband in Apparent Murder-Suicide"", ""url"": ""https://people.com/realtor-ex-daughters-dead-in-apparent-murder-suicide-11990860"", ""source"": ""People.com""}, {""title"": ""Florida dad killed daughters and prominent realtor before killing himself, officials confirm"", ""url"": ""https://nypost.com/2026/06/05/us-news/flordia-father-ryan-charles-whiten-murdered-daughters-and-prominent-realtor-before-killing-himself-officials-confirm/"", ""source"": ""New York Post""}]}",social_media_scanner_google_trends
obs-gt-us-england-vs-new-zealand-b972350b-20260605180507,gt-us-england-vs-new-zealand-b972350b,2026-06-05T18:05:07+07:00,,,,,,2,2,200+,200+,unknown,keyword trend: england vs new zealand,"{""title"": ""england vs new zealand"", ""geo"": ""US"", ""approx"": ""200+"", ""pub_date"": ""Fri, 5 Jun 2026 03:50:00 -0700"", ""news"": [{""title"": ""England vs New Zealand: Ollie Robinson's road to redemption has perfect start at Lord's"", ""url"": ""https://www.bbc.com/sport/cricket/articles/cevpvx108l9o"", ""source"": ""BBC""}, {""title"": ""England v New Zealand: first men’s cricket Test, day two – live"", ""url"": ""https://www.theguardian.com/sport/live/2026/jun/05/england-v-new-zealand-first-mens-cricket-test-day-two-live"", ""source"": ""The Guardian""}, {""title"": ""Score summary - England vs New Zealand, first Test, Lord's"", ""url"": ""https://www.skysports.com/cricket/news/12040/13550856/england-vs-new-zealand-ollie-robinson-bags-three-wickets-in-over-as-test-summer-begins-in-breathless-fashion-at-lords"", ""source"": ""Sky Sports""}]}",social_media_scanner_google_trends
obs-gt-us-taylah-preston-bdfc6139-20260605180507,gt-us-taylah-preston-bdfc6139,2026-06-05T18:05:07+07:00,,,,,,3,3,100+,100+,unknown,keyword trend: taylah preston,"{""title"": ""taylah preston"", ""geo"": ""US"", ""approx"": ""100+"", ""pub_date"": ""Fri, 5 Jun 2026 03:50:00 -0700"", ""news"": [{""title"": ""Taylah Preston vs Ashlyn Krueger Prediction & Picks - WTA 125K Birmingham, Great Britain Women Singles"", ""url"": ""https://www.sportytrader.com/us/picks/taylah-preston-ashlyn-krueger-353188/"", ""source"": ""SportyTrader""}]}",social_media_scanner_google_trends
obs-gt-us-sharon-stone-ex-husband-43e23940-20260605180507,gt-us-sharon-stone-ex-husband-43e23940,2026-06-05T18:05:07+07:00,,,,,,4,4,100+,100+,unknown,keyword trend: sharon stone ex husband,"{""title"": ""sharon stone ex husband"", ""geo"": ""US"", ""approx"": ""100+"", ""pub_date"": ""Fri, 5 Jun 2026 03:40:00 -0700"", ""news"": [{""title"": ""Sharon Stone says marriage ended when husband walked out over her decision to get a mastectomy"", ""url"": ""https://www.yahoo.com/entertainment/celebrity/articles/sharon-stone-says-marriage-ended-165956982.html"", ""source"": ""Yahoo""}, {""title"": ""Sharon Stone's Husband Stormed Out Over Her Mastectomy Decision, And Women Everywhere Share Her Pain"", ""url"": ""https://www.buzzfeed.com/leylamohammed/sharon-stone-husband-reaction-mastectomy-sparks-discourse"", ""source"": ""BuzzFeed""}, {""title"": ""Sharon Stone Reveals That She Was Misdiagnosed With Breast Cancer and Got Unnecessary Surgery"", ""url"": ""https://www.instyle.com/sharon-stone-recalls-cancer-misdiagnosis-that-led-to-unnecessary-surgery-11990594"", ""source"": ""InStyle""}]}",social_media_scanner_google_trends
obs-gt-us-peco-280bb3fd-20260605180507,gt-us-peco-280bb3fd,2026-06-05T18:05:07+07:00,,,,,,5,5,100+,100+,unknown,keyword trend: peco,"{""title"": ""peco"", ""geo"": ""US"", ""approx"": ""100+"", ""pub_date"": ""Fri, 5 Jun 2026 03:40:00 -0700"", ""news"": [{""title"": ""Residents, businesses voice concern as energy costs spike throughout Pennsylvania"", ""url"": ""https://www.wtae.com/article/energy-costs-spike-pennsylvania/71463180"", ""source"": ""WTAE""}, {""title"": ""Electric rates expected to change across PA"", ""url"": ""https://www.aol.com/news/electric-rates-expected-change-across-005325048.html"", ""source"": ""AOL.com""}, {""title"": ""Williams, Topper, House Republicans Push Ratepayer Protection Plan as Electricity Prices Climb"", ""url"": ""https://fcfreepresspa.com/williams-topper-house-republicans-push-ratepayer-protection-plan-as-electricity-prices-climb/"", ""source"": ""Franklin County Free Press""}]}",social_media_scanner_google_trends
obs-gt-us-facebook-user-privacy-settlement-08e94a7a-20260605180507,gt-us-facebook-user-privacy-settlement-08e94a7a,2026-06-05T18:05:07+07:00,,,,,,6,6,500+,500+,unknown,keyword trend: facebook user privacy settlement,"{""title"": ""facebook user privacy settlement"", ""geo"": ""US"", ""approx"": ""500+"", ""pub_date"": ""Fri, 5 Jun 2026 03:30:00 -0700"", ""news"": [{""title"": ""Did you get an email? Some users may get a second Facebook settlement check"", ""url"": ""https://www.nbcchicago.com/news/local/did-you-get-an-email-some-users-may-get-a-second-facebook-settlement-check-heres-why/3944248/"", ""source"": ""NBC 5 Chicago""}, {""title"": ""Bonus payments announced in $725M Facebook privacy settlement. Here’s how much you’ll get"", ""url"": ""https://thehill.com/policy/technology/5909872-bonus-payments-announced-in-725m-facebook-privacy-settlement-heres-how-much-youll-get/"", ""source"": ""The Hill""}, {""title"": ""Second Facebook privacy settlement checks start June 9 — Facebook User Privacy Settlement"", ""url"": ""https://twaslnews1.twaslnews.com/1985307/"", ""source"": ""شبكة تواصل الإخبارية""}]}",social_media_scanner_google_trends
obs-gt-us-turks-and-caicos-b77218e6-20260605180507,gt-us-turks-and-caicos-b77218e6,2026-06-05T18:05:07+07:00,,,,,,7,7,1000+,1000+,unknown,keyword trend: turks and caicos,"{""title"": ""turks and caicos"", ""geo"": ""US"", ""approx"": ""1000+"", ""pub_date"": ""Fri, 5 Jun 2026 03:30:00 -0700"", ""news"": [{""title"": ""Overcrowded migrant vessel with 240 people on board intercepted near Turks and Caicos"", ""url"": ""https://www.foxnews.com/us/overcrowded-migrant-vessel-240-people-board-intercepted-near-turks-caicos"", ""source"": ""Fox News""}, {""title"": ""Coast Guard, CBP AMO, partner agencies interdict 240 aliens near Turks and Caicos Islands"", ""url"": ""https://www.news.uscg.mil/Press-Releases/Article/4509058/coast-guard-cbp-amo-partner-agencies-interdict-240-aliens-near-turks-and-caicos/"", ""source"": ""United States Coast Guard News (.mil)""}, {""title"": ""WATCH: Overcrowded boat carrying 240 Haitian migrants interdicted near Turks and Caicos"", ""url"": ""https://cbs12.com/news/florida/coast-guard-partner-agencies-interdict-240-migrants-near-turks-and-caicos-islands-overloaded-boat-taking-on-water-marine-units-haitian-nationals-immigration-border-protection"", ""source"": ""WPEC""}]}",social_media_scanner_google_trends
obs-gt-us-matt-brown-cause-of-death-1e462251-20260605180507,gt-us-matt-brown-cause-of-death-1e462251,2026-06-05T18:05:07+07:00,,,,,,8,8,200+,200+,unknown,keyword trend: matt brown cause of death,"{""title"": ""matt brown cause of death"", ""geo"": ""US"", ""approx"": ""200+"", ""pub_date"": ""Fri, 5 Jun 2026 03:30:00 -0700"", ""news"": [{""title"": ""“Alaskan Bush People” star Matt Brown's official cause of death revealed"", ""url"": ""https://www.yahoo.com/entertainment/celebrity/articles/alaskan-bush-people-star-matt-231242503.html"", ""source"": ""Yahoo""}, {""title"": ""'Alaskan Bush People' star Matt Brown's cause of death revealed: report"", ""url"": ""https://www.foxnews.com/entertainment/alaskan-bush-people-star-matt-browns-cause-death-revealed-report"", ""source"": ""Fox News""}, {""title"": ""Family of Matt Brown from ‘Alaskan Bush People’ reflect on his life and death"", ""url"": ""https://www.alaskasnewssource.com/2026/06/02/family-matt-brown-alaskan-bush-people-reflect-his-life-death/"", ""source"": ""Alaska's News Source""}]}",social_media_scanner_google_trends
obs-gt-us-invisible-dormant-black-hole-science-04fa8aa1-20260605180507,gt-us-invisible-dormant-black-hole-science-04fa8aa1,2026-06-05T18:05:07+07:00,,,,,,9,9,100+,100+,unknown,keyword trend: invisible dormant black hole science,"{""title"": ""invisible dormant black hole science"", ""geo"": ""US"", ""approx"": ""100+"", ""pub_date"": ""Fri, 5 Jun 2026 03:30:00 -0700"", ""news"": [{""title"": ""A direct black-hole mass measurement in a little red dot at high redshift"", ""url"": ""https://www.nature.com/articles/s41586-026-10579-4"", ""source"": ""Nature""}, {""title"": ""James Webb telescope discovers most distant 'dormant' black hole in the universe, and it weighs as much as 6 billion suns"", ""url"": ""https://www.livescience.com/space/black-holes/james-webb-telescope-detects-most-distant-dormant-black-hole-in-the-universe-invisible-in-all-wavelengths-of-light"", ""source"": ""Live Science""}, {""title"": ""NASA’s Webb Reveals Black Hole That Formed Before Its Galaxy"", ""url"": ""https://science.nasa.gov/missions/webb/nasas-webb-reveals-black-hole-that-formed-before-its-galaxy/"", ""source"": ""NASA Science (.gov)""}]}",social_media_scanner_google_trends
obs-gt-us-wic-program-benefit-reduction-legislatio-3484612f-20260605180507,gt-us-wic-program-benefit-reduction-legislatio-3484612f,2026-06-05T18:05:07+07:00,,,,,,10,10,100+,100+,unknown,keyword trend: wic program benefit reduction legislation,"{""title"": ""wic program benefit reduction legislation"", ""geo"": ""US"", ""approx"": ""100+"", ""pub_date"": ""Fri, 5 Jun 2026 03:30:00 -0700"", ""news"": [{""title"": ""House passes agriculture and FDA appropriations bill"", ""url"": ""https://thehill.com/homenews/house/5910698-house-agriculture-fda-appropriations-bill/"", ""source"": ""The Hill""}, {""title"": ""Trump bails out his loyal supporters as economy tumbles: report"", ""url"": ""https://www.alternet.org/trump-farmers-economy-iran/"", ""source"": ""Alternet""}, {""title"": ""House, Senate set up FDA funding action"", ""url"": ""https://www.politico.com/newsletters/prescription-pulse/2026/06/02/house-senate-set-up-fda-funding-action-00944797"", ""source"": ""Politico""}]}",social_media_scanner_google_trends
obs-gt-th-ฮุน-เซน-a0e70e86-20260605180945,gt-th-ฮุน-เซน-a0e70e86,2026-06-05T18:09:45+07:00,,,,,,1,1,200+,200+,unknown,source trend: ฮุน เซน,"{""platform"": ""google_trends"", ""source_type"": ""social_search_trend"", ""geo"": ""TH"", ""rank"": 1, ""title"": ""ฮุน เซน"", ""pub_date"": ""Fri, 5 Jun 2026 03:40:00 -0700"", ""traffic"": ""200+"", ""source_url"": ""https://www.thaipost.net/hi-light/1008957/"", ""source_names"": [""Thaipost.net"", ""Thairath.co.th"", ""Thai PBS""], ""related_titles"": [""นายกฯ มอบ 'สีหศักดิ์' ตัวแทนไทยเข้ากระบวนการ UNCLOS กร้าวปิดประตูคุย JBC-GBC"", ""“อนุทิน” มอบ “สีหศักดิ์” คุย UNCLOS ไม่กังวลกัมพูชาช่วงชิงพื้นที่เวทีโลก"", ""ไทย-กัมพูชา เห็นต่างเจรจาประนอมภาคบังคับ?""], ""engagement"": {}, ""demand_window"": ""4-48h"", ""observer_agent"": ""social_media_scanner_google_trends"", ""virality_evidence"": ""Google Trends RSS geo=TH rank=1 approx_traffic=200+"", ""report_label"": ""TH #1""}",social_media_scanner_google_trends
obs-gt-th-ศาล-621a34f8-20260605180945,gt-th-ศาล-621a34f8,2026-06-05T18:09:45+07:00,,,,,,2,2,1000+,1000+,unknown,source trend: ศาล,"{""platform"": ""google_trends"", ""source_type"": ""social_search_trend"", ""geo"": ""TH"", ""rank"": 2, ""title"": ""ศาล"", ""pub_date"": ""Fri, 5 Jun 2026 02:30:00 -0700"", ""traffic"": ""1000+"", ""source_url"": ""https://www.thaipbs.or.th/news/content/506716"", ""source_names"": [""Thai PBS"", ""Thairath.co.th"", ""Ch7.com""], ""related_titles"": [""“ปกรณ์” ชี้ ศร.เรียกผู้เชี่ยวชาญให้ความเห็นปม พ.ร.ก.กู้เงินเป็นเรื่องปกติ"", ""“ธนกร” แนะวงเงินกู้ 2 แสนล้านสำหรับลงทุนด้านเปลี่ยนผ่านพลังงาน ต้องโปร่งใส คุ้มค่า"", ""อภิสิทธิ์ จี้ทบทวนใหม่ เงื่อนไขบัตรคนจน ตัดสิทธิพ่อแม่ ชี้ รัฐเข้มงวดผิดทาง""], ""engagement"": {}, ""demand_window"": ""4-48h"", ""observer_agent"": ""social_media_scanner_google_trends"", ""virality_evidence"": ""Google Trends RSS geo=TH rank=2 approx_traffic=1000+"", ""report_label"": ""TH #2""}",social_media_scanner_google_trends
obs-gt-th-ราคาทอง-1-บาท-วันนี้-584ec118-20260605180945,gt-th-ราคาทอง-1-บาท-วันนี้-584ec118,2026-06-05T18:09:45+07:00,,,,,,3,3,5000+,5000+,unknown,source trend: ราคาทอง 1 บาท วันนี้,"{""platform"": ""google_trends"", ""source_type"": ""social_search_trend"", ""geo"": ""TH"", ""rank"": 3, ""title"": ""ราคาทอง 1 บาท วันนี้"", ""pub_date"": ""Fri, 5 Jun 2026 00:30:00 -0700"", ""traffic"": ""5000+"", ""source_url"": ""https://www.thairath.co.th/news/society/2937521"", ""source_names"": [""Thairath.co.th"", ""LINE TODAY"", ""Ch7.com""], ""related_titles"": [""ราคาทอง 1 บาทวันนี้ 5 มิถุนายน 2569 อัปเดตล่าสุด ทองคำแท่ง-ทองรูปพรรณ ขยับกี่บาท"", ""ทองคำปิดตลาดขยับขึ้น 100 บาท ลุ้นผลเจรจาตะวันออกกลาง-ข้อมูลแรงงานสหรัฐฯ | การเงินธนาคาร"", ""ราคาทองเปิดตลาด ราคาทองปรับลง 250 ขายออกที่บาทละ 68,850 บาท""], ""engagement"": {}, ""demand_window"": ""4-48h"", ""observer_agent"": ""social_media_scanner_google_trends"", ""virality_evidence"": ""Google Trends RSS geo=TH rank=3 approx_traffic=5000+"", ""report_label"": ""TH #3""}",social_media_scanner_google_trends
obs-gt-th-การเมือง-9c2c1b5f-20260605180945,gt-th-การเมือง-9c2c1b5f,2026-06-05T18:09:45+07:00,,,,,,4,4,5000+,5000+,unknown,source trend: การเมือง,"{""platform"": ""google_trends"", ""source_type"": ""social_search_trend"", ""geo"": ""TH"", ""rank"": 4, ""title"": ""การเมือง"", ""pub_date"": ""Thu, 4 Jun 2026 21:20:00 -0700"", ""traffic"": ""5000+"", ""source_url"": ""https://www.thaipbs.or.th/news/content/506733"", ""source_names"": [""Thai PBS"", ""Thairath.co.th"", ""ผู้จัดการออนไลน์""], ""related_titles"": [""ปลัด ยธ.คาดกระบวนการปล่อยตัว \""ทักษิณ\"" เสร็จสิ้น มิ.ย.นี้"", ""กระบวนการปล่อยตัว “ทักษิณ” เสร็จสิ้น มิ.ย.นี้ มีผู้ได้รับพระราชทานอภัยโทษ 1 หมื่นคน"", ""นายกฯ ชี้ \""แม้ว\"" พ้นโทษไม่ต้องกังวลมีอิทธิพลเหนือรบ. เชื่อวางมือการเมืองจริง ไร้ปัญหาถอนร่างพท.แก้รธน.""], ""engagement"": {}, ""demand_window"": ""4-48h"", ""observer_agent"": ""social_media_scanner_google_trends"", ""virality_evidence"": ""Google Trends RSS geo=TH rank=4 approx_traffic=5000+"", ""report_label"": ""TH #4""}",social_media_scanner_google_trends
obs-gt-th-scratch-ffdf8c66-20260605180945,gt-th-scratch-ffdf8c66,2026-06-05T18:09:45+07:00,,,,,,5,5,1000+,1000+,unknown,source trend: scratch,"{""platform"": ""google_trends"", ""source_type"": ""social_search_trend"", ""geo"": ""TH"", ""rank"": 5, ""title"": ""scratch"", ""pub_date"": ""Thu, 4 Jun 2026 20:20:00 -0700"", ""traffic"": ""1000+"", ""source_url"": ""https://fox59.com/indiana-news/hoosier-lottery-pulls-space-invaders-scratch-off-over-technical-issue/"", ""source_names"": [""Fox 59"", ""USA Today"", ""WSBT""], ""related_titles"": [""Hoosier Lottery pulls Space Invaders scratch-off over ‘technical issue’"", ""Scratch-off players thought they won big. There was a 'technical issue'"", ""Hoosier Lottery pauses Space Invaders Scratch-off due to 'technical issues'""], ""engagement"": {}, ""demand_window"": ""4-48h"", ""observer_agent"": ""social_media_scanner_google_trends"", ""virality_evidence"": ""Google Trends RSS geo=TH rank=5 approx_traffic=1000+"", ""report_label"": ""TH #5""}",social_media_scanner_google_trends
obs-gt-us-melanie-hyer-doral-5dc14684-20260605180945,gt-us-melanie-hyer-doral-5dc14684,2026-06-05T18:09:45+07:00,,,,,,1,1,200+,200+,unknown,source trend: melanie hyer doral,"{""platform"": ""google_trends"", ""source_type"": ""social_search_trend"", ""geo"": ""US"", ""rank"": 1, ""title"": ""melanie hyer doral"", ""pub_date"": ""Fri, 5 Jun 2026 03:50:00 -0700"", ""traffic"": ""200+"", ""source_url"": ""https://www.nbcmiami.com/news/local/doral-isles-murder-suicide-family/3817093/"", ""source_names"": [""NBC 6 South Florida"", ""People.com"", ""New York Post""], ""related_titles"": [""Father killed daughters and prominent realtor before killing himself, officials say"", ""Fla. Realtor and Two Daughters Killed by Her Ex-Husband in Apparent Murder-Suicide"", ""Florida dad killed daughters and prominent realtor before killing himself, officials confirm""], ""engagement"": {}, ""demand_window"": ""24-72h"", ""observer_agent"": ""social_media_scanner_google_trends"", ""virality_evidence"": ""Google Trends RSS geo=US rank=1 approx_traffic=200+"", ""report_label"": ""US #1""}",social_media_scanner_google_trends
obs-gt-us-england-vs-new-zealand-b972350b-20260605180945,gt-us-england-vs-new-zealand-b972350b,2026-06-05T18:09:45+07:00,,,,,,2,2,200+,200+,unknown,source trend: england vs new zealand,"{""platform"": ""google_trends"", ""source_type"": ""social_search_trend"", ""geo"": ""US"", ""rank"": 2, ""title"": ""england vs new zealand"", ""pub_date"": ""Fri, 5 Jun 2026 03:50:00 -0700"", ""traffic"": ""200+"", ""source_url"": ""https://www.bbc.com/sport/cricket/articles/cevpvx108l9o"", ""source_names"": [""BBC"", ""The Guardian"", ""Sky Sports""], ""related_titles"": [""England vs New Zealand: Ollie Robinson's road to redemption has perfect start at Lord's"", ""England v New Zealand: first men’s cricket Test, day two – live"", ""Score summary - England vs New Zealand, first Test, Lord's""], ""engagement"": {}, ""demand_window"": ""24-72h"", ""observer_agent"": ""social_media_scanner_google_trends"", ""virality_evidence"": ""Google Trends RSS geo=US rank=2 approx_traffic=200+"", ""report_label"": ""US #2""}",social_media_scanner_google_trends
obs-gt-us-taylah-preston-bdfc6139-20260605180945,gt-us-taylah-preston-bdfc6139,2026-06-05T18:09:45+07:00,,,,,,3,3,100+,100+,unknown,source trend: taylah preston,"{""platform"": ""google_trends"", ""source_type"": ""social_search_trend"", ""geo"": ""US"", ""rank"": 3, ""title"": ""taylah preston"", ""pub_date"": ""Fri, 5 Jun 2026 03:50:00 -0700"", ""traffic"": ""100+"", ""source_url"": ""https://www.sportytrader.com/us/picks/taylah-preston-ashlyn-krueger-353188/"", ""source_names"": [""SportyTrader""], ""related_titles"": [""Taylah Preston vs Ashlyn Krueger Prediction & Picks - WTA 125K Birmingham, Great Britain Women Singles""], ""engagement"": {}, ""demand_window"": ""24-72h"", ""observer_agent"": ""social_media_scanner_google_trends"", ""virality_evidence"": ""Google Trends RSS geo=US rank=3 approx_traffic=100+"", ""report_label"": ""US #3""}",social_media_scanner_google_trends
obs-gt-us-sharon-stone-ex-husband-43e23940-20260605180945,gt-us-sharon-stone-ex-husband-43e23940,2026-06-05T18:09:45+07:00,,,,,,4,4,100+,100+,unknown,source trend: sharon stone ex husband,"{""platform"": ""google_trends"", ""source_type"": ""social_search_trend"", ""geo"": ""US"", ""rank"": 4, ""title"": ""sharon stone ex husband"", ""pub_date"": ""Fri, 5 Jun 2026 03:40:00 -0700"", ""traffic"": ""100+"", ""source_url"": ""https://www.yahoo.com/entertainment/celebrity/articles/sharon-stone-says-marriage-ended-165956982.html"", ""source_names"": [""Yahoo"", ""BuzzFeed"", ""InStyle""], ""related_titles"": [""Sharon Stone says marriage ended when husband walked out over her decision to get a mastectomy"", ""Sharon Stone's Husband Stormed Out Over Her Mastectomy Decision, And Women Everywhere Share Her Pain"", ""Sharon Stone Reveals That She Was Misdiagnosed With Breast Cancer and Got Unnecessary Surgery""], ""engagement"": {}, ""demand_window"": ""24-72h"", ""observer_agent"": ""social_media_scanner_google_trends"", ""virality_evidence"": ""Google Trends RSS geo=US rank=4 approx_traffic=100+"", ""report_label"": ""US #4""}",social_media_scanner_google_trends
obs-gt-us-peco-280bb3fd-20260605180945,gt-us-peco-280bb3fd,2026-06-05T18:09:45+07:00,,,,,,5,5,100+,100+,unknown,source trend: peco,"{""platform"": ""google_trends"", ""source_type"": ""social_search_trend"", ""geo"": ""US"", ""rank"": 5, ""title"": ""peco"", ""pub_date"": ""Fri, 5 Jun 2026 03:40:00 -0700"", ""traffic"": ""100+"", ""source_url"": ""https://www.wtae.com/article/energy-costs-spike-pennsylvania/71463180"", ""source_names"": [""WTAE"", ""AOL.com"", ""Franklin County Free Press""], ""related_titles"": [""Residents, businesses voice concern as energy costs spike throughout Pennsylvania"", ""Electric rates expected to change across PA"", ""Williams, Topper, House Republicans Push Ratepayer Protection Plan as Electricity Prices Climb""], ""engagement"": {}, ""demand_window"": ""24-72h"", ""observer_agent"": ""social_media_scanner_google_trends"", ""virality_evidence"": ""Google Trends RSS geo=US rank=5 approx_traffic=100+"", ""report_label"": ""US #5""}",social_media_scanner_google_trends
obs-gt-th-ฮุน-เซน-a0e70e86-20260605181010,gt-th-ฮุน-เซน-a0e70e86,2026-06-05T18:10:10+07:00,,,,,,1,1,200+,200+,unknown,source trend: ฮุน เซน,"{""platform"": ""google_trends"", ""source_type"": ""social_search_trend"", ""geo"": ""TH"", ""rank"": 1, ""title"": ""ฮุน เซน"", ""pub_date"": ""Fri, 5 Jun 2026 03:40:00 -0700"", ""traffic"": ""200+"", ""source_url"": ""https://www.thaipost.net/hi-light/1008957/"", ""source_names"": [""Thaipost.net"", ""Thairath.co.th"", ""Thai PBS""], ""related_titles"": [""นายกฯ มอบ 'สีหศักดิ์' ตัวแทนไทยเข้ากระบวนการ UNCLOS กร้าวปิดประตูคุย JBC-GBC"", ""“อนุทิน” มอบ “สีหศักดิ์” คุย UNCLOS ไม่กังวลกัมพูชาช่วงชิงพื้นที่เวทีโลก"", ""ไทย-กัมพูชา เห็นต่างเจรจาประนอมภาคบังคับ?""], ""engagement"": {}, ""demand_window"": ""4-48h"", ""observer_agent"": ""social_media_scanner_google_trends"", ""virality_evidence"": ""Google Trends RSS geo=TH rank=1 approx_traffic=200+"", ""report_label"": ""TH #1""}",social_media_scanner_google_trends
obs-gt-th-ศาล-621a34f8-20260605181010,gt-th-ศาล-621a34f8,2026-06-05T18:10:10+07:00,,,,,,2,2,1000+,1000+,unknown,source trend: ศาล,"{""platform"": ""google_trends"", ""source_type"": ""social_search_trend"", ""geo"": ""TH"", ""rank"": 2, ""title"": ""ศาล"", ""pub_date"": ""Fri, 5 Jun 2026 02:30:00 -0700"", ""traffic"": ""1000+"", ""source_url"": ""https://www.thaipbs.or.th/news/content/506716"", ""source_names"": [""Thai PBS"", ""Thairath.co.th"", ""Ch7.com""], ""related_titles"": [""“ปกรณ์” ชี้ ศร.เรียกผู้เชี่ยวชาญให้ความเห็นปม พ.ร.ก.กู้เงินเป็นเรื่องปกติ"", ""“ธนกร” แนะวงเงินกู้ 2 แสนล้านสำหรับลงทุนด้านเปลี่ยนผ่านพลังงาน ต้องโปร่งใส คุ้มค่า"", ""อภิสิทธิ์ จี้ทบทวนใหม่ เงื่อนไขบัตรคนจน ตัดสิทธิพ่อแม่ ชี้ รัฐเข้มงวดผิดทาง""], ""engagement"": {}, ""demand_window"": ""4-48h"", ""observer_agent"": ""social_media_scanner_google_trends"", ""virality_evidence"": ""Google Trends RSS geo=TH rank=2 approx_traffic=1000+"", ""report_label"": ""TH #2""}",social_media_scanner_google_trends
obs-gt-th-ราคาทอง-1-บาท-วันนี้-584ec118-20260605181010,gt-th-ราคาทอง-1-บาท-วันนี้-584ec118,2026-06-05T18:10:10+07:00,,,,,,3,3,5000+,5000+,unknown,source trend: ราคาทอง 1 บาท วันนี้,"{""platform"": ""google_trends"", ""source_type"": ""social_search_trend"", ""geo"": ""TH"", ""rank"": 3, ""title"": ""ราคาทอง 1 บาท วันนี้"", ""pub_date"": ""Fri, 5 Jun 2026 00:30:00 -0700"", ""traffic"": ""5000+"", ""source_url"": ""https://www.thairath.co.th/news/society/2937521"", ""source_names"": [""Thairath.co.th"", ""LINE TODAY"", ""Ch7.com""], ""related_titles"": [""ราคาทอง 1 บาทวันนี้ 5 มิถุนายน 2569 อัปเดตล่าสุด ทองคำแท่ง-ทองรูปพรรณ ขยับกี่บาท"", ""ทองคำปิดตลาดขยับขึ้น 100 บาท ลุ้นผลเจรจาตะวันออกกลาง-ข้อมูลแรงงานสหรัฐฯ | การเงินธนาคาร"", ""ราคาทองเปิดตลาด ราคาทองปรับลง 250 ขายออกที่บาทละ 68,850 บาท""], ""engagement"": {}, ""demand_window"": ""4-48h"", ""observer_agent"": ""social_media_scanner_google_trends"", ""virality_evidence"": ""Google Trends RSS geo=TH rank=3 approx_traffic=5000+"", ""report_label"": ""TH #3""}",social_media_scanner_google_trends
obs-gt-th-การเมือง-9c2c1b5f-20260605181010,gt-th-การเมือง-9c2c1b5f,2026-06-05T18:10:10+07:00,,,,,,4,4,5000+,5000+,unknown,source trend: การเมือง,"{""platform"": ""google_trends"", ""source_type"": ""social_search_trend"", ""geo"": ""TH"", ""rank"": 4, ""title"": ""การเมือง"", ""pub_date"": ""Thu, 4 Jun 2026 21:20:00 -0700"", ""traffic"": ""5000+"", ""source_url"": ""https://www.thaipbs.or.th/news/content/506733"", ""source_names"": [""Thai PBS"", ""Thairath.co.th"", ""ผู้จัดการออนไลน์""], ""related_titles"": [""ปลัด ยธ.คาดกระบวนการปล่อยตัว \""ทักษิณ\"" เสร็จสิ้น มิ.ย.นี้"", ""กระบวนการปล่อยตัว “ทักษิณ” เสร็จสิ้น มิ.ย.นี้ มีผู้ได้รับพระราชทานอภัยโทษ 1 หมื่นคน"", ""นายกฯ ชี้ \""แม้ว\"" พ้นโทษไม่ต้องกังวลมีอิทธิพลเหนือรบ. เชื่อวางมือการเมืองจริง ไร้ปัญหาถอนร่างพท.แก้รธน.""], ""engagement"": {}, ""demand_window"": ""4-48h"", ""observer_agent"": ""social_media_scanner_google_trends"", ""virality_evidence"": ""Google Trends RSS geo=TH rank=4 approx_traffic=5000+"", ""report_label"": ""TH #4""}",social_media_scanner_google_trends
obs-gt-th-scratch-ffdf8c66-20260605181010,gt-th-scratch-ffdf8c66,2026-06-05T18:10:10+07:00,,,,,,5,5,1000+,1000+,unknown,source trend: scratch,"{""platform"": ""google_trends"", ""source_type"": ""social_search_trend"", ""geo"": ""TH"", ""rank"": 5, ""title"": ""scratch"", ""pub_date"": ""Thu, 4 Jun 2026 20:20:00 -0700"", ""traffic"": ""1000+"", ""source_url"": ""https://fox59.com/indiana-news/hoosier-lottery-pulls-space-invaders-scratch-off-over-technical-issue/"", ""source_names"": [""Fox 59"", ""USA Today"", ""WSBT""], ""related_titles"": [""Hoosier Lottery pulls Space Invaders scratch-off over ‘technical issue’"", ""Scratch-off players thought they won big. There was a 'technical issue'"", ""Hoosier Lottery pauses Space Invaders Scratch-off due to 'technical issues'""], ""engagement"": {}, ""demand_window"": ""4-48h"", ""observer_agent"": ""social_media_scanner_google_trends"", ""virality_evidence"": ""Google Trends RSS geo=TH rank=5 approx_traffic=1000+"", ""report_label"": ""TH #5""}",social_media_scanner_google_trends
obs-gt-th-เม็กซิโก-พบ-เซอร์เบีย-f215860c-20260605181010,gt-th-เม็กซิโก-พบ-เซอร์เบีย-f215860c,2026-06-05T18:10:10+07:00,,,,,,6,6,500+,500+,unknown,source trend: เม็กซิโก พบ เซอร์เบีย,"{""platform"": ""google_trends"", ""source_type"": ""social_search_trend"", ""geo"": ""TH"", ""rank"": 6, ""title"": ""เม็กซิโก พบ เซอร์เบีย"", ""pub_date"": ""Thu, 4 Jun 2026 18:50:00 -0700"", ""traffic"": ""500+"", ""source_url"": ""https://www.espn.com/soccer/story/_/id/48971934/mexico-earn-dominant-5-1-victory-world-cup-sendoff-match"", ""source_names"": [""ESPN"", ""BBC"", ""Goal.com""], ""related_titles"": [""Mexico earn dominant 5-1 victory in World Cup sendoff match"", ""Mexico vs Serbia: Friendlies stats & head-to-head"", ""How to watch today's Mexico vs Serbia Friendly game for FREE: Live stream, TV channel, and start time""], ""engagement"": {}, ""demand_window"": ""4-48h"", ""observer_agent"": ""social_media_scanner_google_trends"", ""virality_evidence"": ""Google Trends RSS geo=TH rank=6 approx_traffic=500+"", ""report_label"": ""TH #6""}",social_media_scanner_google_trends
obs-gt-th-บางจาก-คอร์ปอเรชั่น-aa76bca3-20260605181010,gt-th-บางจาก-คอร์ปอเรชั่น-aa76bca3,2026-06-05T18:10:10+07:00,,,,,,7,7,100+,100+,unknown,source trend: บางจาก คอร์ปอเรชั่น,"{""platform"": ""google_trends"", ""source_type"": ""social_search_trend"", ""geo"": ""TH"", ""rank"": 7, ""title"": ""บางจาก คอร์ปอเรชั่น"", ""pub_date"": ""Thu, 4 Jun 2026 16:10:00 -0700"", ""traffic"": ""100+"", ""source_url"": ""https://www.newswit.com/th/ies01wrge2o3hfqjw0i7lnrsvag2kjx3"", ""source_names"": [""newswit"", ""ThaiPR.NET"", ""LINE TODAY""], ""related_titles"": [""กลุ่มบริษัทบางจาก ร่วมขับเคลื่อน โครงการแสงนำใจไทยทั้งชาติ เดิน วิ่ง ปั่น ป้องกันอัมพาต ครั้งที่ 12 เฉลิมพระเกียรติ"", ""กลุ่มบริษัทบางจาก ร่วมขับเคลื่อน โครงการแสงนำใจไทยทั้งชาติ เดิน วิ่ง ปั่น ป้องกันอัมพาต ครั้งที่ 12 เฉลิมพระเกียรติ"", ""อัปเดตราคาน้ำมันล่าสุด 5 มิ.ย. สำรวจราคาเบนซิน-ดีเซล | The Better""], ""engagement"": {}, ""demand_window"": ""4-48h"", ""observer_agent"": ""social_media_scanner_google_trends"", ""virality_evidence"": ""Google Trends RSS geo=TH rank=7 approx_traffic=100+"", ""report_label"": ""TH #7""}",social_media_scanner_google_trends
obs-gt-th-สภาพอากาศวันนี้-24bb778a-20260605181010,gt-th-สภาพอากาศวันนี้-24bb778a,2026-06-05T18:10:10+07:00,,,,,,8,8,200+,200+,unknown,source trend: สภาพอากาศวันนี้,"{""platform"": ""google_trends"", ""source_type"": ""social_search_trend"", ""geo"": ""TH"", ""rank"": 8, ""title"": ""สภาพอากาศวันนี้"", ""pub_date"": ""Thu, 4 Jun 2026 16:00:00 -0700"", ""traffic"": ""200+"", ""source_url"": ""https://www.hatyaifocus.com/news-detail/31039/"", ""source_names"": [""HATYAI FOCUS"", ""LINE TODAY"", ""ผู้จัดการออนไลน์""], ""related_titles"": [""หาดใหญ่ | หาดใหญ่เช้านี้ 24 องศา กรมอุตุฯ เตือนยังคงมีฝนฟ้าคะนองครอบคลุม ร้อยละ 60 % ของบางพื้นที่"", ""มรสุมพาดผ่านฝนตกหนักถึงหนักมากบางพื้นที่ ร้อยละ 70 | The Better"", ""พบกลุ่มฝนเล็กน้อยถึงปานกลางที่ จ.ปทุมธานี""], ""engagement"": {}, ""demand_window"": ""4-48h"", ""observer_agent"": ""social_media_scanner_google_trends"", ""virality_evidence"": ""Google Trends RSS geo=TH rank=8 approx_traffic=200+"", ""report_label"": ""TH #8""}",social_media_scanner_google_trends
obs-gt-th-lpga-3752fbe7-20260605181010,gt-th-lpga-3752fbe7,2026-06-05T18:10:10+07:00,,,,,,9,9,200+,200+,unknown,source trend: lpga,"{""platform"": ""google_trends"", ""source_type"": ""social_search_trend"", ""geo"": ""TH"", ""rank"": 9, ""title"": ""lpga"", ""pub_date"": ""Thu, 4 Jun 2026 15:40:00 -0700"", ""traffic"": ""200+"", ""source_url"": ""https://sports.yahoo.com/articles/nobody-does-wear-marks-lpga-154752074.html"", ""source_names"": [""Yahoo Sports"", ""Siamsport"", ""เดลินิวส์""], ""related_titles"": [""Nobody Does Wear Marks Like LPGA Tour Players"", ""สรุปผลกอล์ฟ LPGA: โปรแพตตี้ ปภังกร รั้งที่ 8 ร่วม \""จีโน่\""+2 เปิดฉากยูเอส วีเมนส์ โอเพ่น"", ""\""โปรแพตตี\"" รั้งที่ 8 สวิงเมเจอร์-\""โปรจีโน่\"" เครื่องยังไม่ร้อน""], ""engagement"": {}, ""demand_window"": ""4-48h"", ""observer_agent"": ""social_media_scanner_google_trends"", ""virality_evidence"": ""Google Trends RSS geo=TH rank=9 approx_traffic=200+"", ""report_label"": ""TH #9""}",social_media_scanner_google_trends
obs-gt-th-หวยพัฒนา-85ee42cc-20260605181010,gt-th-หวยพัฒนา-85ee42cc,2026-06-05T18:10:10+07:00,,,,,,10,10,1000+,1000+,unknown,source trend: หวยพัฒนา,"{""platform"": ""google_trends"", ""source_type"": ""social_search_trend"", ""geo"": ""TH"", ""rank"": 10, ""title"": ""หวยพัฒนา"", ""pub_date"": ""Thu, 4 Jun 2026 15:00:00 -0700"", ""traffic"": ""1000+"", ""source_url"": ""https://www.sanook.com/news/9892694/"", ""source_names"": [""Sanook"", ""LINE TODAY"", ""komchadluek""], ""related_titles"": [""หวยลาววันนี้ 5 มิถุนายน 2569 ผลหวยลาววันนี้ ตรวจผลหวยลาวพัฒนา"", ""หวยลาววันนี้ งวดประจำวันที่ 5 มิถุนายน 2569 ผลหวยพัฒนา ตรวจรางวัล ล่าสุด หวยลาว ออกอะไร | Khaosod"", ""สถิติหวยลาววันพฤหัสบดี 04/06/69 หวยลาววันนี้ งวด 4 มิถุนายน 2569""], ""engagement"": {}, ""demand_window"": ""4-48h"", ""observer_agent"": ""social_media_scanner_google_trends"", ""virality_evidence"": ""Google Trends RSS geo=TH rank=10 approx_traffic=1000+"", ""report_label"": ""TH #10""}",social_media_scanner_google_trends
obs-gt-us-melanie-hyer-doral-5dc14684-20260605181010,gt-us-melanie-hyer-doral-5dc14684,2026-06-05T18:10:10+07:00,,,,,,1,1,200+,200+,unknown,source trend: melanie hyer doral,"{""platform"": ""google_trends"", ""source_type"": ""social_search_trend"", ""geo"": ""US"", ""rank"": 1, ""title"": ""melanie hyer doral"", ""pub_date"": ""Fri, 5 Jun 2026 03:50:00 -0700"", ""traffic"": ""200+"", ""source_url"": ""https://www.nbcmiami.com/news/local/doral-isles-murder-suicide-family/3817093/"", ""source_names"": [""NBC 6 South Florida"", ""People.com"", ""New York Post""], ""related_titles"": [""Father killed daughters and prominent realtor before killing himself, officials say"", ""Fla. Realtor and Two Daughters Killed by Her Ex-Husband in Apparent Murder-Suicide"", ""Florida dad killed daughters and prominent realtor before killing himself, officials confirm""], ""engagement"": {}, ""demand_window"": ""24-72h"", ""observer_agent"": ""social_media_scanner_google_trends"", ""virality_evidence"": ""Google Trends RSS geo=US rank=1 approx_traffic=200+"", ""report_label"": ""US #1""}",social_media_scanner_google_trends
obs-gt-us-england-vs-new-zealand-b972350b-20260605181010,gt-us-england-vs-new-zealand-b972350b,2026-06-05T18:10:10+07:00,,,,,,2,2,200+,200+,unknown,source trend: england vs new zealand,"{""platform"": ""google_trends"", ""source_type"": ""social_search_trend"", ""geo"": ""US"", ""rank"": 2, ""title"": ""england vs new zealand"", ""pub_date"": ""Fri, 5 Jun 2026 03:50:00 -0700"", ""traffic"": ""200+"", ""source_url"": ""https://www.bbc.com/sport/cricket/articles/cevpvx108l9o"", ""source_names"": [""BBC"", ""BBC"", ""Sky Sports""], ""related_titles"": [""England vs New Zealand: Ollie Robinson's road to redemption has perfect start at Lord's"", ""England vs New Zealand LIVE: First Test, day two, Lord's - cricket score, radio & video highlights"", ""Score summary - England vs New Zealand, first Test, Lord's""], ""engagement"": {}, ""demand_window"": ""24-72h"", ""observer_agent"": ""social_media_scanner_google_trends"", ""virality_evidence"": ""Google Trends RSS geo=US rank=2 approx_traffic=200+"", ""report_label"": ""US #2""}",social_media_scanner_google_trends
obs-gt-us-taylah-preston-bdfc6139-20260605181010,gt-us-taylah-preston-bdfc6139,2026-06-05T18:10:10+07:00,,,,,,3,3,100+,100+,unknown,source trend: taylah preston,"{""platform"": ""google_trends"", ""source_type"": ""social_search_trend"", ""geo"": ""US"", ""rank"": 3, ""title"": ""taylah preston"", ""pub_date"": ""Fri, 5 Jun 2026 03:50:00 -0700"", ""traffic"": ""100+"", ""source_url"": ""https://www.sportytrader.com/us/picks/taylah-preston-ashlyn-krueger-353188/"", ""source_names"": [""SportyTrader""], ""related_titles"": [""Taylah Preston vs Ashlyn Krueger Prediction & Picks - WTA 125K Birmingham, Great Britain Women Singles""], ""engagement"": {}, ""demand_window"": ""24-72h"", ""observer_agent"": ""social_media_scanner_google_trends"", ""virality_evidence"": ""Google Trends RSS geo=US rank=3 approx_traffic=100+"", ""report_label"": ""US #3""}",social_media_scanner_google_trends
obs-gt-us-sharon-stone-ex-husband-43e23940-20260605181010,gt-us-sharon-stone-ex-husband-43e23940,2026-06-05T18:10:10+07:00,,,,,,4,4,100+,100+,unknown,source trend: sharon stone ex husband,"{""platform"": ""google_trends"", ""source_type"": ""social_search_trend"", ""geo"": ""US"", ""rank"": 4, ""title"": ""sharon stone ex husband"", ""pub_date"": ""Fri, 5 Jun 2026 03:40:00 -0700"", ""traffic"": ""100+"", ""source_url"": ""https://www.yahoo.com/entertainment/celebrity/articles/sharon-stone-says-marriage-ended-165956982.html"", ""source_names"": [""Yahoo"", ""BuzzFeed"", ""InStyle""], ""related_titles"": [""Sharon Stone says marriage ended when husband walked out over her decision to get a mastectomy"", ""Sharon Stone's Husband Stormed Out Over Her Mastectomy Decision, And Women Everywhere Share Her Pain"", ""Sharon Stone Reveals That She Was Misdiagnosed With Breast Cancer and Got Unnecessary Surgery""], ""engagement"": {}, ""demand_window"": ""24-72h"", ""observer_agent"": ""social_media_scanner_google_trends"", ""virality_evidence"": ""Google Trends RSS geo=US rank=4 approx_traffic=100+"", ""report_label"": ""US #4""}",social_media_scanner_google_trends
obs-gt-us-peco-280bb3fd-20260605181010,gt-us-peco-280bb3fd,2026-06-05T18:10:10+07:00,,,,,,5,5,100+,100+,unknown,source trend: peco,"{""platform"": ""google_trends"", ""source_type"": ""social_search_trend"", ""geo"": ""US"", ""rank"": 5, ""title"": ""peco"", ""pub_date"": ""Fri, 5 Jun 2026 03:40:00 -0700"", ""traffic"": ""100+"", ""source_url"": ""https://www.wtae.com/article/energy-costs-spike-pennsylvania/71463180"", ""source_names"": [""WTAE"", ""AOL.com"", ""Franklin County Free Press""], ""related_titles"": [""Residents, businesses voice concern as energy costs spike throughout Pennsylvania"", ""Electric rates expected to change across PA"", ""Williams, Topper, House Republicans Push Ratepayer Protection Plan as Electricity Prices Climb""], ""engagement"": {}, ""demand_window"": ""24-72h"", ""observer_agent"": ""social_media_scanner_google_trends"", ""virality_evidence"": ""Google Trends RSS geo=US rank=5 approx_traffic=100+"", ""report_label"": ""US #5""}",social_media_scanner_google_trends
obs-gt-us-facebook-user-privacy-settlement-08e94a7a-20260605181010,gt-us-facebook-user-privacy-settlement-08e94a7a,2026-06-05T18:10:10+07:00,,,,,,6,6,500+,500+,unknown,source trend: facebook user privacy settlement,"{""platform"": ""google_trends"", ""source_type"": ""social_search_trend"", ""geo"": ""US"", ""rank"": 6, ""title"": ""facebook user privacy settlement"", ""pub_date"": ""Fri, 5 Jun 2026 03:30:00 -0700"", ""traffic"": ""500+"", ""source_url"": ""https://www.nbcchicago.com/news/local/did-you-get-an-email-some-users-may-get-a-second-facebook-settlement-check-heres-why/3944248/"", ""source_names"": [""NBC 5 Chicago"", ""The Hill"", ""شبكة تواصل الإخبارية""], ""related_titles"": [""Did you get an email? Some users may get a second Facebook settlement check"", ""Bonus payments announced in $725M Facebook privacy settlement. Here’s how much you’ll get"", ""Second Facebook privacy settlement checks start June 9 — Facebook User Privacy Settlement""], ""engagement"": {}, ""demand_window"": ""24-72h"", ""observer_agent"": ""social_media_scanner_google_trends"", ""virality_evidence"": ""Google Trends RSS geo=US rank=6 approx_traffic=500+"", ""report_label"": ""US #6""}",social_media_scanner_google_trends
obs-gt-us-turks-and-caicos-b77218e6-20260605181010,gt-us-turks-and-caicos-b77218e6,2026-06-05T18:10:10+07:00,,,,,,7,7,1000+,1000+,unknown,source trend: turks and caicos,"{""platform"": ""google_trends"", ""source_type"": ""social_search_trend"", ""geo"": ""US"", ""rank"": 7, ""title"": ""turks and caicos"", ""pub_date"": ""Fri, 5 Jun 2026 03:30:00 -0700"", ""traffic"": ""1000+"", ""source_url"": ""https://www.foxnews.com/us/overcrowded-migrant-vessel-240-people-board-intercepted-near-turks-caicos"", ""source_names"": [""Fox News"", ""United States Coast Guard News (.mil)"", ""WPEC""], ""related_titles"": [""Overcrowded migrant vessel with 240 people on board intercepted near Turks and Caicos"", ""Coast Guard, CBP AMO, partner agencies interdict 240 aliens near Turks and Caicos Islands"", ""WATCH: Overcrowded boat carrying 240 Haitian migrants interdicted near Turks and Caicos""], ""engagement"": {}, ""demand_window"": ""24-72h"", ""observer_agent"": ""social_media_scanner_google_trends"", ""virality_evidence"": ""Google Trends RSS geo=US rank=7 approx_traffic=1000+"", ""report_label"": ""US #7""}",social_media_scanner_google_trends
obs-gt-us-matt-brown-cause-of-death-1e462251-20260605181010,gt-us-matt-brown-cause-of-death-1e462251,2026-06-05T18:10:10+07:00,,,,,,8,8,200+,200+,unknown,source trend: matt brown cause of death,"{""platform"": ""google_trends"", ""source_type"": ""social_search_trend"", ""geo"": ""US"", ""rank"": 8, ""title"": ""matt brown cause of death"", ""pub_date"": ""Fri, 5 Jun 2026 03:30:00 -0700"", ""traffic"": ""200+"", ""source_url"": ""https://www.yahoo.com/entertainment/celebrity/articles/alaskan-bush-people-star-matt-231242503.html"", ""source_names"": [""Yahoo"", ""Fox News"", ""Alaska's News Source""], ""related_titles"": [""“Alaskan Bush People” star Matt Brown's official cause of death revealed"", ""'Alaskan Bush People' star Matt Brown's cause of death revealed: report"", ""Family of Matt Brown from ‘Alaskan Bush People’ reflect on his life and death""], ""engagement"": {}, ""demand_window"": ""24-72h"", ""observer_agent"": ""social_media_scanner_google_trends"", ""virality_evidence"": ""Google Trends RSS geo=US rank=8 approx_traffic=200+"", ""report_label"": ""US #8""}",social_media_scanner_google_trends
obs-gt-us-invisible-dormant-black-hole-science-04fa8aa1-20260605181010,gt-us-invisible-dormant-black-hole-science-04fa8aa1,2026-06-05T18:10:10+07:00,,,,,,9,9,100+,100+,unknown,source trend: invisible dormant black hole science,"{""platform"": ""google_trends"", ""source_type"": ""social_search_trend"", ""geo"": ""US"", ""rank"": 9, ""title"": ""invisible dormant black hole science"", ""pub_date"": ""Fri, 5 Jun 2026 03:30:00 -0700"", ""traffic"": ""100+"", ""source_url"": ""https://www.nature.com/articles/s41586-026-10579-4"", ""source_names"": [""Nature"", ""Live Science"", ""NASA Science (.gov)""], ""related_titles"": [""A direct black-hole mass measurement in a little red dot at high redshift"", ""James Webb telescope discovers most distant 'dormant' black hole in the universe, and it weighs as much as 6 billion suns"", ""NASA’s Webb Reveals Black Hole That Formed Before Its Galaxy""], ""engagement"": {}, ""demand_window"": ""24-72h"", ""observer_agent"": ""social_media_scanner_google_trends"", ""virality_evidence"": ""Google Trends RSS geo=US rank=9 approx_traffic=100+"", ""report_label"": ""US #9""}",social_media_scanner_google_trends
obs-gt-us-wic-program-benefit-reduction-legislatio-3484612f-20260605181010,gt-us-wic-program-benefit-reduction-legislatio-3484612f,2026-06-05T18:10:10+07:00,,,,,,10,10,100+,100+,unknown,source trend: wic program benefit reduction legislation,"{""platform"": ""google_trends"", ""source_type"": ""social_search_trend"", ""geo"": ""US"", ""rank"": 10, ""title"": ""wic program benefit reduction legislation"", ""pub_date"": ""Fri, 5 Jun 2026 03:30:00 -0700"", ""traffic"": ""100+"", ""source_url"": ""https://thehill.com/homenews/house/5910698-house-agriculture-fda-appropriations-bill/"", ""source_names"": [""The Hill"", ""Alternet"", ""Politico""], ""related_titles"": [""House passes agriculture and FDA appropriations bill"", ""Trump bails out his loyal supporters as economy tumbles: report"", ""House, Senate set up FDA funding action""], ""engagement"": {}, ""demand_window"": ""24-72h"", ""observer_agent"": ""social_media_scanner_google_trends"", ""virality_evidence"": ""Google Trends RSS geo=US rank=10 approx_traffic=100+"", ""report_label"": ""US #10""}",social_media_scanner_google_trends
obs-tmd-weather-repeat-shoe-cover-20260605,tmd-heavy-rain-overflow-shoe-cover-20260605,2026-06-05T20:07:07+07:00,,,,,,,,,,cautious,repeat official forecast still shows rain pockets for wet-shoe commute,"{""source_url"":""https://www.tmd.go.th/media/forecast/daily-forecast/2026-06-03_06_eng_1.pdf"",""published"":""2026-06-03"",""headline"":""Daily Weather Forecast Distribution Wednesday 3 June 2026"",""key_fact"":""Bangkok and vicinity remained in a scattered thundershowers and isolated heavy rain zone"",""use_case"":""rainy commute shoe protection"",""observer_agent"":""viral_scout_web""}",viral_scout_web
obs-back-to-school-rain-repeat-20260605,ad-hoc-back-to-school-rain-kit-20260604,2026-06-05T20:07:07+07:00,,,,,,,,,,positive,repeat weather timing still supports school commute rain protection,"{""source_url"":""https://www.tmd.go.th/media/forecast/daily-forecast/2026-06-03_06_eng_1.pdf"",""published"":""2026-06-03"",""headline"":""Daily Weather Forecast Distribution Wednesday 3 June 2026"",""key_fact"":""Bangkok and vicinity remained in a scattered thundershowers and isolated heavy rain zone, which keeps open-term school commute protection relevant"",""use_case"":""back-to-school rain protection"",""observer_agent"":""viral_scout_web""}",viral_scout_web
obs-prd-pride-repeat-20260605,prd-pride-month-festivals-20260602,2026-06-05T20:07:07+07:00,,,,,,,,,,positive,official Pride coverage still keeps June event-comfort demand visible,"{""source_url"":""https://thainews.prd.go.th/thainews/news/view/2060958/?bid=1"",""published"":""2026-06-04"",""headline"":""NBT CONNEXT - พม. MOU ขับเคลื่อนจังหวัดนำร่องเพื่อความเสมอภาคระหว่างเพศ เตรียมพร้อมเสนอตัวเป็นเจ้าภาพจัดงาน World Pride 2030"",""key_fact"":""PRD continues to frame Pride Month and World Pride 2030 as active public coverage for June"",""use_case"":""event comfort"",""observer_agent"":""viral_scout_web""}",viral_scout_web
